{
    "os": "Linux-5.15.0-69-generic-x86_64-with-debian-bullseye-sid",
    "python": "3.7.16",
    "heartbeatAt": "2023-12-24T09:43:19.358738",
    "startedAt": "2023-12-24T09:43:18.584126",
    "docker": null,
    "cuda": null,
    "args": [
        "--c",
        "./configs/config.yaml"
    ],
    "state": "running",
    "program": "main.py",
    "codePathLocal": "main.py",
    "codePath": "main.py",
    "git": {
        "remote": "https://github.com/chou141253/FGVC-HERBS.git",
        "commit": "f3deb47895f1ee5ce8058f28c44b1b6b35057407"
    },
    "email": null,
    "root": "/home/jtss/jamie/ML_final/FGVC-HERBS",
    "host": "user",
    "username": "jtss",
    "executable": "/home/jtss/.conda/envs/jt_ML/bin/python",
    "cpu_count": 16,
    "cpu_count_logical": 32,
    "cpu_freq": {
        "current": 1547.3335625,
        "min": 1500.0,
        "max": 3000.0
    },
    "cpu_freq_per_core": [
        {
            "current": 1500.0,
            "min": 1500.0,
            "max": 3000.0
        },
        {
            "current": 1500.0,
            "min": 1500.0,
            "max": 3000.0
        },
        {
            "current": 1500.0,
            "min": 1500.0,
            "max": 3000.0
        },
        {
            "current": 1500.0,
            "min": 1500.0,
            "max": 3000.0
        },
        {
            "current": 1500.0,
            "min": 1500.0,
            "max": 3000.0
        },
        {
            "current": 1500.0,
            "min": 1500.0,
            "max": 3000.0
        },
        {
            "current": 1500.0,
            "min": 1500.0,
            "max": 3000.0
        },
        {
            "current": 1500.0,
            "min": 1500.0,
            "max": 3000.0
        },
        {
            "current": 1500.0,
            "min": 1500.0,
            "max": 3000.0
        },
        {
            "current": 1500.0,
            "min": 1500.0,
            "max": 3000.0
        },
        {
            "current": 1500.0,
            "min": 1500.0,
            "max": 3000.0
        },
        {
            "current": 1500.0,
            "min": 1500.0,
            "max": 3000.0
        },
        {
            "current": 1500.0,
            "min": 1500.0,
            "max": 3000.0
        },
        {
            "current": 1500.0,
            "min": 1500.0,
            "max": 3000.0
        },
        {
            "current": 1500.0,
            "min": 1500.0,
            "max": 3000.0
        },
        {
            "current": 1500.0,
            "min": 1500.0,
            "max": 3000.0
        },
        {
            "current": 1500.0,
            "min": 1500.0,
            "max": 3000.0
        },
        {
            "current": 1500.0,
            "min": 1500.0,
            "max": 3000.0
        },
        {
            "current": 1500.0,
            "min": 1500.0,
            "max": 3000.0
        },
        {
            "current": 1500.0,
            "min": 1500.0,
            "max": 3000.0
        },
        {
            "current": 1500.0,
            "min": 1500.0,
            "max": 3000.0
        },
        {
            "current": 1514.674,
            "min": 1500.0,
            "max": 3000.0
        },
        {
            "current": 1500.0,
            "min": 1500.0,
            "max": 3000.0
        },
        {
            "current": 1500.0,
            "min": 1500.0,
            "max": 3000.0
        },
        {
            "current": 1500.0,
            "min": 1500.0,
            "max": 3000.0
        },
        {
            "current": 1500.0,
            "min": 1500.0,
            "max": 3000.0
        },
        {
            "current": 1500.0,
            "min": 1500.0,
            "max": 3000.0
        },
        {
            "current": 1500.0,
            "min": 1500.0,
            "max": 3000.0
        },
        {
            "current": 1500.0,
            "min": 1500.0,
            "max": 3000.0
        },
        {
            "current": 1500.0,
            "min": 1500.0,
            "max": 3000.0
        },
        {
            "current": 1500.0,
            "min": 1500.0,
            "max": 3000.0
        },
        {
            "current": 1500.0,
            "min": 1500.0,
            "max": 3000.0
        }
    ],
    "disk": {
        "/": {
            "total": 915.3232879638672,
            "used": 780.0514907836914
        }
    },
    "gpu": "NVIDIA RTX A5000",
    "gpu_count": 2,
    "gpu_devices": [
        {
            "name": "NVIDIA RTX A5000",
            "memory_total": 25757220864
        },
        {
            "name": "NVIDIA RTX A5000",
            "memory_total": 25757220864
        }
    ],
    "memory": {
        "total": 62.67068862915039
    }
}
