{"best_acc": 0.0, "best_eval_name": "null", "best_epoch": 0, "info/epoch": 1, "info/lr": 9.97339559706471e-05, "train_acc/layer1_acc": 0.0, "train_loss/layer1_loss": 5.37890625, "train_loss/layer1_FPN1_loss": 6.99162483215332e-05, "train_acc/layer2_acc": 0.0, "train_loss/layer2_loss": 5.27734375, "train_loss/layer2_FPN1_loss": 7.045269012451172e-05, "train_acc/layer3_acc": 0.0, "train_loss/layer3_loss": 5.29296875, "train_loss/layer3_FPN1_loss": 6.80088996887207e-05, "train_acc/layer4_acc": 0.0, "train_loss/layer4_loss": 5.21875, "train_loss/layer4_FPN1_loss": 8.046627044677734e-05, "train_acc/select_layer1_acc": 0.0, "train_loss/select_layer1_loss": 0.7388949394226074, "train_acc/select_layer2_acc": 0.39, "train_loss/select_layer2_loss": 0.7446376085281372, "train_acc/select_layer3_acc": 0.0, "train_loss/select_layer3_loss": 0.716563880443573, "train_acc/select_layer4_acc": 0.78, "train_loss/select_layer4_loss": 0.9576694369316101, "train_acc/drop_layer1_acc": 0.44, "train_loss/drop_layer1_loss": 5.40234375, "train_acc/drop_layer2_acc": 3.26, "train_loss/drop_layer2_loss": 5.296875, "train_acc/drop_layer3_acc": 0.0, "train_loss/drop_layer3_loss": 5.359375, "train_acc/drop_layer4_acc": 1.79, "train_loss/drop_layer4_loss": 5.27734375, "train_acc/combiner_acc": 0.0, "train_loss/combiner_loss": 5.3046875, "train_loss/total_loss": 50.96635961532593, "_timestamp": 1703411092.4499443, "_runtime": 93.8564522266388, "_step": 2, "_wandb": {"runtime": 118}}