id,label
77r1us52x1aehzp1,001.Black_footed_Albatross
9wxabyhajvasiqj3,001.Black_footed_Albatross
4yoygt8tecb81a00,001.Black_footed_Albatross
7672yn19722w5nom,001.Black_footed_Albatross
62t2jxpp5smyd085,001.Black_footed_Albatross
spgb0tzwj7fdqn86,001.Black_footed_Albatross
q9h6lph3m08tcy25,001.Black_footed_Albatross
6k00qtz9n2fdt0xo,001.Black_footed_Albatross
ky0p1jdq36n5thll,001.Black_footed_Albatross
41zy45kyyh002y6x,001.Black_footed_Albatross
c3hy629p99245ezl,001.Black_footed_Albatross
h56tbhht8p02za15,001.Black_footed_Albatross
l5vecrdr4alcit39,001.Black_footed_Albatross
rp3dzxf9qk8fcux1,001.Black_footed_Albatross
teiajjzisbhh3l09,001.Black_footed_Albatross
e2n3sm7j1opxq4ue,001.Black_footed_Albatross
asmnr7zitybv2amz,001.Black_footed_Albatross
rzw1r13vnzq5vus2,001.Black_footed_Albatross
b5dlwofjnvgoewmw,001.Black_footed_Albatross
1p1m8r2a77ws3pni,001.Black_footed_Albatross
vh7gnvotk3woxaqa,001.Black_footed_Albatross
kzbt4sd6mu40xnyj,001.Black_footed_Albatross
tvaa0lfwnudkjcw4,001.Black_footed_Albatross
tq6ni497qku4s5h2,001.Black_footed_Albatross
w6klkl5m2e4aunmr,001.Black_footed_Albatross
fdbvzmpn3i9smekg,001.Black_footed_Albatross
e2qzx60zji0adp2p,001.Black_footed_Albatross
lz782snlacpf93pv,001.Black_footed_Albatross
z03k5wgzo6c1iy6t,001.Black_footed_Albatross
3vkbgcxrtlgz1xvj,001.Black_footed_Albatross
1nynhwuqup6qnfgl,001.Black_footed_Albatross
e9pmtfi9qdrvj6cq,001.Black_footed_Albatross
tc68qgy2rxvzytan,001.Black_footed_Albatross
o4yzt60t35tvywne,001.Black_footed_Albatross
sdimuww7grdg8vtp,001.Black_footed_Albatross
u2k3w84i4gs77fzr,001.Black_footed_Albatross
qzk6lqibsom4cv1c,001.Black_footed_Albatross
epb1ge94p4pwcg83,001.Black_footed_Albatross
h48hhym3d0pk5t7w,001.Black_footed_Albatross
p2ujxbjrg11n4e6k,001.Black_footed_Albatross
2xxn5rhz2p20j9k3,001.Black_footed_Albatross
8wnltawz16to8scr,001.Black_footed_Albatross
ybfgi45uvglihgsy,001.Black_footed_Albatross
77kdx272sxbre2gh,001.Black_footed_Albatross
18k8cwnx4mvlw1yo,001.Black_footed_Albatross
rm7dtgb86jqbv2f5,001.Black_footed_Albatross
y2xqh188zcm9uumk,001.Black_footed_Albatross
vcuu6h19m8nq3sa4,001.Black_footed_Albatross
voc64hatl34nkbwh,001.Black_footed_Albatross
qdph3hjt0cywstm2,001.Black_footed_Albatross
gms3dzn8bzzt4bdg,001.Black_footed_Albatross
yfgdxxqindmfrc5h,001.Black_footed_Albatross
o4wdrt1o552mjm7c,001.Black_footed_Albatross
w94ykg9o5nynoj5x,001.Black_footed_Albatross
i08k6bvxrsuccxsi,001.Black_footed_Albatross
gwe4s5j8w8c5jys8,001.Black_footed_Albatross
dv9sqsk8wsgp8spv,001.Black_footed_Albatross
pw93deg7on40dl57,001.Black_footed_Albatross
z8nz860vxwjg18cj,001.Black_footed_Albatross
q8rr5z0v5g3rtw12,001.Black_footed_Albatross
8y49fyw0k8ne3dzq,001.Black_footed_Albatross
l426jls7wzb7e7hu,001.Black_footed_Albatross
wt7trvrbty85mbfu,001.Black_footed_Albatross
n059hh1jvvqijx34,001.Black_footed_Albatross
v6u6s5mmlhjl0d4h,001.Black_footed_Albatross
b9xevqpeiehlve8m,001.Black_footed_Albatross
igmqh7444l963agc,001.Black_footed_Albatross
lnncp2gm9lik69m3,001.Black_footed_Albatross
zw8srolz3ato3m7a,001.Black_footed_Albatross
osr24wgseh82f9pb,001.Black_footed_Albatross
237oxibd2pzqlveb,001.Black_footed_Albatross
d36ll0dpamq7db4p,001.Black_footed_Albatross
9nt60k75i6dvy0w1,001.Black_footed_Albatross
bwvzhwo80swyo9f8,001.Black_footed_Albatross
9pfi4mk6avpzoee2,001.Black_footed_Albatross
vi2ov0vimwwfsp6a,001.Black_footed_Albatross
agfxwx0gl8n2finp,001.Black_footed_Albatross
h5gkfvpc8mmpw1c3,001.Black_footed_Albatross
drdarhanfbtwooih,001.Black_footed_Albatross
pehu38o7uvkpxz5d,001.Black_footed_Albatross
zks9yp57wg9f4cq4,001.Black_footed_Albatross
6kit5brvjd4jy5f0,001.Black_footed_Albatross
4lkhzgisllh644tl,001.Black_footed_Albatross
lbvyw1xpcwrryw20,001.Black_footed_Albatross
5m63puhugevcvc4k,001.Black_footed_Albatross
wbwn8oegggxshaib,001.Black_footed_Albatross
24eu3k89muputnou,001.Black_footed_Albatross
qbahez5yeb3qfmpc,001.Black_footed_Albatross
tmitqayvalmydif2,001.Black_footed_Albatross
atcgi3m4ksd48pxk,001.Black_footed_Albatross
canqwmi9i1jmspo6,001.Black_footed_Albatross
1bp0ywdptytkhppi,001.Black_footed_Albatross
qrecbhig93pj80rn,001.Black_footed_Albatross
bkfbxy4gc1rxkwaq,001.Black_footed_Albatross
8fgwtzap3n6tf5jq,001.Black_footed_Albatross
42axjzlg51vfpkj6,001.Black_footed_Albatross
xqvcc38cbdvi26pf,001.Black_footed_Albatross
xsl27qany7lsyhch,001.Black_footed_Albatross
jnoww09zyih51scr,001.Black_footed_Albatross
4szgvuhmwiv15x55,001.Black_footed_Albatross
6dc4toi0z1p1fjkx,001.Black_footed_Albatross
1dw6k13p22et2inw,001.Black_footed_Albatross
7inmuwayhtn8fep3,001.Black_footed_Albatross
pjdl4h9ijxr6fs6n,001.Black_footed_Albatross
d27il8i2sb78i4ch,001.Black_footed_Albatross
ngypbiaw691ofkzh,001.Black_footed_Albatross
9b6ihwqa3djkkrys,001.Black_footed_Albatross
hmqgf44qggejeeyk,001.Black_footed_Albatross
8rbv4hwb4f3eu3aa,001.Black_footed_Albatross
m4c8h85y834ny9p1,001.Black_footed_Albatross
64c37ptzcbpfp13m,001.Black_footed_Albatross
cdax8l0lsb5cqgr0,001.Black_footed_Albatross
w0q1u59509dovskr,001.Black_footed_Albatross
0x4ko35gkadgq0b3,001.Black_footed_Albatross
1tyh089qigix6h8b,001.Black_footed_Albatross
bfcfssbhz6cpewqc,001.Black_footed_Albatross
unuybyv5gdpwi5ik,001.Black_footed_Albatross
epwy5qy25vvpgli1,001.Black_footed_Albatross
tfyfox0o8s5blex6,001.Black_footed_Albatross
6jjo8ivmkaxc79sn,001.Black_footed_Albatross
5zjtsa5fnu4anl8s,001.Black_footed_Albatross
8ud0pd4xtjn2s36j,001.Black_footed_Albatross
fr5krrxkxbt6xpwm,001.Black_footed_Albatross
6ow1g3lcx8ajr9a3,001.Black_footed_Albatross
ihqbdthwakudfic9,001.Black_footed_Albatross
eogyn9cxgnr3o534,001.Black_footed_Albatross
6zhddh5oczre8mpt,001.Black_footed_Albatross
lsayev7rh92i8rqu,001.Black_footed_Albatross
bcpjh8aokwxrwj0i,001.Black_footed_Albatross
kx3hn34kk6mkhd2z,001.Black_footed_Albatross
rhk2awpnyzv3xk0h,001.Black_footed_Albatross
94kzfisz3iaw03wx,001.Black_footed_Albatross
2x4rqw99bncocmym,001.Black_footed_Albatross
b8tik0io45pn346m,001.Black_footed_Albatross
d7j4ekkj7direumq,001.Black_footed_Albatross
df0spm0kx6gn36kv,001.Black_footed_Albatross
r1jjldw6hmk6nhbo,001.Black_footed_Albatross
zjucvmmdgq78bovp,001.Black_footed_Albatross
699t6m2msisgpdc8,001.Black_footed_Albatross
b4puiowfwdghoz1c,001.Black_footed_Albatross
gtxupxg7cx5qndtx,001.Black_footed_Albatross
14xneojeje8083bx,001.Black_footed_Albatross
m9dairam7h5ezl18,001.Black_footed_Albatross
5ealpbo82djmmu96,001.Black_footed_Albatross
12vnvilccqfz89od,001.Black_footed_Albatross
0a4zq08pju2gkwcs,001.Black_footed_Albatross
5kt6x7cyptnr5u32,001.Black_footed_Albatross
35qj0nsquzxkxwjt,001.Black_footed_Albatross
ae8sby7qgqmc2ney,001.Black_footed_Albatross
p57q3t32xmzidzlw,001.Black_footed_Albatross
5027tbsn7vgg4cb9,001.Black_footed_Albatross
aaf7gix2qusmtyyp,001.Black_footed_Albatross
91wkpngf438j7vja,001.Black_footed_Albatross
i0hkozlo12wv34l0,001.Black_footed_Albatross
y4gno8wojgdies0k,001.Black_footed_Albatross
brnh4v5ary5ku8co,001.Black_footed_Albatross
b7zu5cgl6xzozo26,001.Black_footed_Albatross
544rav7nr0vkp2vw,001.Black_footed_Albatross
6134spreix2rm471,001.Black_footed_Albatross
olvoiyo2xpz31re4,001.Black_footed_Albatross
ypdlcebwlyegekhy,001.Black_footed_Albatross
2x6tub7g1urj3v1w,001.Black_footed_Albatross
9cmhvy59ufxbyt8i,001.Black_footed_Albatross
d6mlmodcb66e8f23,001.Black_footed_Albatross
dk7kuy76zx334rby,001.Black_footed_Albatross
mwha61ybvfs1ycy7,001.Black_footed_Albatross
7h8d7jnn7idvn2yn,001.Black_footed_Albatross
keckeno6jq1w3xgx,001.Black_footed_Albatross
6f1fkb0fazcf29ou,001.Black_footed_Albatross
ptd6zbowpfmvwwdg,001.Black_footed_Albatross
p411inoo2bz0a390,001.Black_footed_Albatross
2n92xl5ih0grhd5x,001.Black_footed_Albatross
6p63q707j42etkq3,001.Black_footed_Albatross
ekl8x849jpegub93,001.Black_footed_Albatross
jnajpr80ue427id7,001.Black_footed_Albatross
7v87dhcfid4m5kkr,001.Black_footed_Albatross
bsnpf2oz5j3y63zg,001.Black_footed_Albatross
mv8ye800w2cgloo5,001.Black_footed_Albatross
rkb65l1cngqsjyi5,001.Black_footed_Albatross
g1n06z82upjjugcv,001.Black_footed_Albatross
ne871npbq2mg23za,001.Black_footed_Albatross
izcpwktz1ys34qeu,001.Black_footed_Albatross
jw7bcwuc2jcick0o,001.Black_footed_Albatross
svlblcacfomppqr5,001.Black_footed_Albatross
41kt4ihwgnlgqv60,001.Black_footed_Albatross
lxcvxs4zwxo77iqu,001.Black_footed_Albatross
s0jjbtfemukxq6lp,001.Black_footed_Albatross
882w0expbhqicxu0,001.Black_footed_Albatross
a3oqgmpzk34m7nb7,001.Black_footed_Albatross
s508bdtxympph1uq,001.Black_footed_Albatross
bvazw2ia69yv928v,001.Black_footed_Albatross
95hewyq0t2klb8g7,001.Black_footed_Albatross
eeifao4ubs5by7df,001.Black_footed_Albatross
xpsyeunwlrz2u93o,001.Black_footed_Albatross
u9m1h49fc3tlznog,001.Black_footed_Albatross
cl6joyffb5itza4a,001.Black_footed_Albatross
zk0bjefjjj8x1qfa,001.Black_footed_Albatross
rq5fu5i6oep5er5k,001.Black_footed_Albatross
nzup1olbys016lxn,001.Black_footed_Albatross
hvxg8738isolrc3y,001.Black_footed_Albatross
thfjftfdm6shhpbq,001.Black_footed_Albatross
wkc740l9g8x2gf5m,001.Black_footed_Albatross
c3sopisd0jjy4dwo,001.Black_footed_Albatross
fkffxn2hci1exl0e,001.Black_footed_Albatross
tq5y7pl3f2pijayw,001.Black_footed_Albatross
h27mz2nd2p8m9k61,001.Black_footed_Albatross
jsb7uk8thukuj6u0,001.Black_footed_Albatross
el7oyufcvg6y0mdu,001.Black_footed_Albatross
652nzusp2wrozdjv,001.Black_footed_Albatross
kjbavrqc16kvu6et,001.Black_footed_Albatross
gb9w3mvi3cv81jxk,001.Black_footed_Albatross
f5qvn5s4ldnz6vbu,001.Black_footed_Albatross
tgth5iy9bv1c2ebj,001.Black_footed_Albatross
4qhyvbd8b22p50os,001.Black_footed_Albatross
xq3k6sjcf4juw6df,001.Black_footed_Albatross
0tc97h7sxxtwtykc,001.Black_footed_Albatross
g5f416ebscrrjdv4,001.Black_footed_Albatross
rq3wlrjlz8kuhnxi,001.Black_footed_Albatross
xflzsvfhxywu7f1z,001.Black_footed_Albatross
dgvxub7bcbfut9x7,001.Black_footed_Albatross
2kc3on3nrws4bx3v,001.Black_footed_Albatross
lv4z3vy57m3x90na,001.Black_footed_Albatross
aymkik83rzdnn3on,001.Black_footed_Albatross
zbk193lcuy0fgy6o,001.Black_footed_Albatross
qniocvb8lvxgtfbo,001.Black_footed_Albatross
vxbte3te2vrq4tip,001.Black_footed_Albatross
bgnb0h3to70kbp5i,001.Black_footed_Albatross
cnnkx6x7tc2h1es7,001.Black_footed_Albatross
sm7je5dz52hx548z,001.Black_footed_Albatross
1r4a8ds0qntlwm6u,001.Black_footed_Albatross
73bz4iy0z6ss1kze,001.Black_footed_Albatross
7qoap5fvurk39elb,001.Black_footed_Albatross
79ak2896ljss5ok3,001.Black_footed_Albatross
glgwwclq8fdmrnc5,001.Black_footed_Albatross
8t6ymijisegnsgsc,001.Black_footed_Albatross
8d9ej7h74803jmip,001.Black_footed_Albatross
zblsao4cvnedowsj,001.Black_footed_Albatross
v94rczmju89ntqcw,001.Black_footed_Albatross
2dsxyqft5dnss1k6,001.Black_footed_Albatross
9d1j9u9a7wkrv6jq,001.Black_footed_Albatross
1apm0xyn7s71cwq2,001.Black_footed_Albatross
mfem06pqmn514oo3,001.Black_footed_Albatross
7xn5sjbp9b5ngqq3,001.Black_footed_Albatross
1fdfgspdjqo9mnuk,001.Black_footed_Albatross
zvpyay7u7bgsaxnj,001.Black_footed_Albatross
x8rk9argsby66grd,001.Black_footed_Albatross
l4oijnmrw2b9w2ok,001.Black_footed_Albatross
5htegmp4nnfolcx5,001.Black_footed_Albatross
fo86h92vd6uov7t3,001.Black_footed_Albatross
iiao39b5mog7vsr2,001.Black_footed_Albatross
czc2yq6ih87ljwm5,001.Black_footed_Albatross
629gmzcjfkcnegih,001.Black_footed_Albatross
ayi9dnod4bdefaer,001.Black_footed_Albatross
euf5f1xftagd9pu0,001.Black_footed_Albatross
wca8gpyf19docjyp,001.Black_footed_Albatross
w31r0t0204hurnvu,001.Black_footed_Albatross
mz4xmjx0tp44wbsh,001.Black_footed_Albatross
rgfz3wwge2pqqacn,001.Black_footed_Albatross
qa4vng3jzo5hrvqd,001.Black_footed_Albatross
crqg3096ebcyvz3m,001.Black_footed_Albatross
o1qfvzf4e6nevyfy,001.Black_footed_Albatross
g20xg5wholhi2m2e,001.Black_footed_Albatross
l0sbggvt6evwtpqa,001.Black_footed_Albatross
mlt8wq1iwlkz79fm,001.Black_footed_Albatross
0v4u30od1t881ll6,001.Black_footed_Albatross
eyyro9ca6hz5wy3r,001.Black_footed_Albatross
bp8875magdwiln6o,001.Black_footed_Albatross
o8baycek2nlp3tvl,001.Black_footed_Albatross
axp2ghppw8jp4t5k,001.Black_footed_Albatross
pz6t2o711r4va4tb,001.Black_footed_Albatross
8ng8tmzkjzcpa4lg,001.Black_footed_Albatross
e496fr72rzh8f1k2,001.Black_footed_Albatross
0gfwjqgk4q9ewjmf,001.Black_footed_Albatross
29w2iaekoujgq3t1,001.Black_footed_Albatross
tb6868gbj1s8gt89,001.Black_footed_Albatross
qdgjp8lt2ag5k67v,001.Black_footed_Albatross
t67xqeh9fyzuek5j,001.Black_footed_Albatross
y1qp1fpyi86jme72,001.Black_footed_Albatross
yjp2t7dia0a807rs,001.Black_footed_Albatross
ut19bcg0xv5du0rn,001.Black_footed_Albatross
6fv3fgkrzng1vtmm,001.Black_footed_Albatross
xz6kn6qvsz6w3yam,001.Black_footed_Albatross
35kdv9n6qkbp20yc,001.Black_footed_Albatross
qustz18b1zr0hh4i,001.Black_footed_Albatross
utj74rtp3355u598,001.Black_footed_Albatross
y53ust4s06s0edr5,001.Black_footed_Albatross
kvccga554ypgd861,001.Black_footed_Albatross
qkv9minp8y1c5i3v,001.Black_footed_Albatross
j1571c9kl2l9w8bb,001.Black_footed_Albatross
0hbvaqcawsftjv9d,001.Black_footed_Albatross
7lvldutwh866ptx9,001.Black_footed_Albatross
ki56j20b0wt9aes9,001.Black_footed_Albatross
hoc5ex878dsvqd0h,001.Black_footed_Albatross
qgwn1pzhfwn45r2i,001.Black_footed_Albatross
5etu8yzf9v80qsrk,001.Black_footed_Albatross
ur7a6ttddn9spip4,001.Black_footed_Albatross
ye9gwqzxrpab2ht0,001.Black_footed_Albatross
7xedruey0rtor6pw,001.Black_footed_Albatross
af88ph4tqb48puah,001.Black_footed_Albatross
ilmf0vugxmg9q253,001.Black_footed_Albatross
w4u2qkjg480hkfkk,001.Black_footed_Albatross
n6ps7i43t7qcicxb,001.Black_footed_Albatross
asq4zdu69k97ky95,001.Black_footed_Albatross
2zmvm709hzzb766k,001.Black_footed_Albatross
w4f8gagcp1byl0h5,001.Black_footed_Albatross
t4m96941w9e453ul,001.Black_footed_Albatross
zmqvoifgarm5c2l8,001.Black_footed_Albatross
kompyl0xhcosl5t4,001.Black_footed_Albatross
d8gdjebx94v8wqex,001.Black_footed_Albatross
0awwsavy1sxvnizu,001.Black_footed_Albatross
yjucssryohlh4481,001.Black_footed_Albatross
63zb02drpmsc7ec9,001.Black_footed_Albatross
bnmdkk0ooqtg026v,001.Black_footed_Albatross
pomdicc2zy0zm9ha,001.Black_footed_Albatross
tnk64hvs087fhy1k,001.Black_footed_Albatross
7212wr55q6y16ctp,001.Black_footed_Albatross
kqh8yw7d8p6kokix,001.Black_footed_Albatross
u82gsxlfvmryk8r4,001.Black_footed_Albatross
v76owm63p6iw8sxx,001.Black_footed_Albatross
135volqoif5urn86,001.Black_footed_Albatross
efr4pkqlfs8h5wyx,001.Black_footed_Albatross
8rjitc85ogaif7bs,001.Black_footed_Albatross
1xcyubh68ztgre9j,001.Black_footed_Albatross
fuqbu4kah0tdwzln,001.Black_footed_Albatross
3nomuk5vpdptofrv,001.Black_footed_Albatross
e9dog0gurpdq8nh5,001.Black_footed_Albatross
g742g8dei2jxfu5v,001.Black_footed_Albatross
e2tle57g58mxn1tu,001.Black_footed_Albatross
m8ehyjo9ccaeqrne,001.Black_footed_Albatross
qz65elbh7yy0f64d,001.Black_footed_Albatross
wtpy7fexuggb9d7n,001.Black_footed_Albatross
g0imgiq4uce6m5ro,001.Black_footed_Albatross
fhvy5yjhyve4qq6s,001.Black_footed_Albatross
fvw66xpqlpf8sbka,001.Black_footed_Albatross
wb5gx77avqyndlio,001.Black_footed_Albatross
g4ei5ztc2shzb8ob,001.Black_footed_Albatross
pyfbbrt5698lphpl,001.Black_footed_Albatross
5yybudjy68qfdx7k,001.Black_footed_Albatross
u5e0h1vccmo9kch4,001.Black_footed_Albatross
rujgvwwx2lpe1xw3,001.Black_footed_Albatross
imct78laoold5ylv,001.Black_footed_Albatross
aeferjkxik5uerfr,001.Black_footed_Albatross
1is6verpfsv6g7wp,001.Black_footed_Albatross
tu8uggo4v27chgxo,001.Black_footed_Albatross
zumuvxu3tcbwpu56,001.Black_footed_Albatross
upm5aeja4qadg6hq,001.Black_footed_Albatross
gmqmdmghscfmn8mj,001.Black_footed_Albatross
6jwnjov76ys8d6kd,001.Black_footed_Albatross
jr8lhp9opfnnidxk,001.Black_footed_Albatross
un6trv4g050ehegf,001.Black_footed_Albatross
swu7nrfq6g2kycdy,001.Black_footed_Albatross
hcl8y23zg13ufbay,001.Black_footed_Albatross
9nxboo5o654nvg1c,001.Black_footed_Albatross
n71rxd0hk7hbiclu,001.Black_footed_Albatross
7m5es54v07emm7ee,001.Black_footed_Albatross
n9a5zc92gtt9n860,001.Black_footed_Albatross
9hajpaerm03je6w4,001.Black_footed_Albatross
gbaapx9neyscfjwm,001.Black_footed_Albatross
huumlijmljjwoiqp,001.Black_footed_Albatross
5e9a9nbtlcwmm0gv,001.Black_footed_Albatross
7yzi1a6ny0zfwsba,001.Black_footed_Albatross
4shiq3m2k8ke93pb,001.Black_footed_Albatross
4ogs2clj7jazvqj3,001.Black_footed_Albatross
d6urxog91oe0c52c,001.Black_footed_Albatross
z0w2z36sqpzp7xfw,001.Black_footed_Albatross
nma0w91wm77mkqcu,001.Black_footed_Albatross
pl9oqrm6lrnd5irm,001.Black_footed_Albatross
y2ly4l63frfo7mla,001.Black_footed_Albatross
srqpglxu1gk1ldkm,001.Black_footed_Albatross
9oxm6wu4qzhpazz8,001.Black_footed_Albatross
7dxe0uh7h7aosex0,001.Black_footed_Albatross
c33wbu28nw1r0915,001.Black_footed_Albatross
d96emfgilwjfgh3j,001.Black_footed_Albatross
u13wtaaxcxd0x26b,001.Black_footed_Albatross
9hrbnd6cdjlbyx7v,001.Black_footed_Albatross
u9pbmh2hdb34bjqz,001.Black_footed_Albatross
nregcj6dql9lztx1,001.Black_footed_Albatross
oa4t9js3hk8b8akb,001.Black_footed_Albatross
4gk3ylhci5iyhtq5,001.Black_footed_Albatross
6k1gqdq8y0dua6h8,001.Black_footed_Albatross
ee70fg4h4mol5m0f,001.Black_footed_Albatross
t6plazanj43ruqvs,001.Black_footed_Albatross
kyrww2m3n7qz4cu2,001.Black_footed_Albatross
pgvodj9be1fx5g8p,001.Black_footed_Albatross
d3h7pjxjjx1j2o4d,001.Black_footed_Albatross
4m5svwknajnxfvfv,001.Black_footed_Albatross
xnfa6t1tymmkzmvn,001.Black_footed_Albatross
aj37axmjm8tw6t80,001.Black_footed_Albatross
ua0yj4yauuktrkwu,001.Black_footed_Albatross
iutq4vlvu0y04qez,001.Black_footed_Albatross
luejjsca79f8qihu,001.Black_footed_Albatross
1brbn6f8t8qxt1ct,001.Black_footed_Albatross
974nz3h4n0emzq2t,001.Black_footed_Albatross
vdszde8rt2gx9xn5,001.Black_footed_Albatross
xtsqxalv7vhgffxi,001.Black_footed_Albatross
gspiqo2n4y9z2ago,001.Black_footed_Albatross
p5om3uqafgisdxkp,001.Black_footed_Albatross
k1l554e2jltgj4cb,001.Black_footed_Albatross
xvuj4rfucrtnuoth,001.Black_footed_Albatross
id6hegn3rlia35w3,001.Black_footed_Albatross
np5f1zra5n4fitc2,001.Black_footed_Albatross
mnk1c0o9omfpu14p,001.Black_footed_Albatross
xq1nuossseufn1mq,001.Black_footed_Albatross
fsrnwwze24atqlpy,001.Black_footed_Albatross
elnye623hc505161,001.Black_footed_Albatross
pkiz46si9yx2w7ak,001.Black_footed_Albatross
pahk1kiknb5ipmjj,001.Black_footed_Albatross
jadxtmww4cstjslo,001.Black_footed_Albatross
c9tq8yitvovoszfh,001.Black_footed_Albatross
4ythih2htykh8jh5,001.Black_footed_Albatross
1yec2i8n50tcuero,001.Black_footed_Albatross
vrjr96681dinlrey,001.Black_footed_Albatross
1ef4yyfi3i3atill,001.Black_footed_Albatross
qe68li4i66ezkbo9,001.Black_footed_Albatross
szf98oe8a72ebkzj,001.Black_footed_Albatross
l2jecxofsekg4lf5,001.Black_footed_Albatross
jspyudmh4bakfhzs,001.Black_footed_Albatross
8v5jii6g5ht7dqol,001.Black_footed_Albatross
rhjhjfvx7i71urev,001.Black_footed_Albatross
4r710999k94yr783,001.Black_footed_Albatross
n68v9h9vsmpz7axq,001.Black_footed_Albatross
2clr3jot2r0nes5u,001.Black_footed_Albatross
cisofo3oooamlb2e,001.Black_footed_Albatross
zh8bsewazmhihg1d,001.Black_footed_Albatross
5digi60aicwyo994,001.Black_footed_Albatross
n6edcnyd9ntxx8jm,001.Black_footed_Albatross
joupf1q1odb1j3k0,001.Black_footed_Albatross
jt76awbhxu0x3s5v,001.Black_footed_Albatross
q8z3pobn6t55urhp,001.Black_footed_Albatross
lyae33tmbuu8wdxd,001.Black_footed_Albatross
wb3tun376xc2s792,001.Black_footed_Albatross
vjnszcqtf4yvgzdw,001.Black_footed_Albatross
7v1k5va24cy6gxwt,001.Black_footed_Albatross
2ae0e7utox523aec,001.Black_footed_Albatross
ll9coeh3tnygtqgg,001.Black_footed_Albatross
i5vb3roc42yn8kwx,001.Black_footed_Albatross
u64vzyal6mmrx67a,001.Black_footed_Albatross
w689vlw7nttlmv7i,001.Black_footed_Albatross
sigk2bslckyljx01,001.Black_footed_Albatross
cijyr31112ohhgld,001.Black_footed_Albatross
bgnyotw309n06fnh,001.Black_footed_Albatross
e6pa3lod80roa6p7,001.Black_footed_Albatross
sqa15mq6znfkqjrd,001.Black_footed_Albatross
f7lkn37qtlub606l,001.Black_footed_Albatross
t2nwtrn6mp8fxozj,001.Black_footed_Albatross
ocur0doz5fmzjq53,001.Black_footed_Albatross
nasdhjg1s5izvt6w,001.Black_footed_Albatross
k37nzyv5vklweqgi,001.Black_footed_Albatross
j03t1xqixz3wah0s,001.Black_footed_Albatross
akbw0cpjn6wz1d4i,001.Black_footed_Albatross
ayfz8ifydomtze47,001.Black_footed_Albatross
b24dggxuh7cdqowa,001.Black_footed_Albatross
to5wfj6wgzst6ijg,001.Black_footed_Albatross
1jnuz8c8duawogqo,001.Black_footed_Albatross
na7qzv30dyf3xxqq,001.Black_footed_Albatross
5yc87upi894pteil,001.Black_footed_Albatross
uofkinrvtenhxlnf,001.Black_footed_Albatross
9l5pu0ju7t0zpdkg,001.Black_footed_Albatross
gqm6zkas04hfkuwv,001.Black_footed_Albatross
z7hm6ryqbfkoy3bi,001.Black_footed_Albatross
4nqtwnj1ewqy01vt,001.Black_footed_Albatross
emy16aifwqnoitco,001.Black_footed_Albatross
9ham9u6piaobau2e,001.Black_footed_Albatross
xzov1mbxd2djyzge,001.Black_footed_Albatross
fwixa59i3qa3gtpo,001.Black_footed_Albatross
9tvmwoan39v3uw82,001.Black_footed_Albatross
6lf270i51tizl57l,001.Black_footed_Albatross
vgco591hyia3lxd1,001.Black_footed_Albatross
s3isphjj7kf21etr,001.Black_footed_Albatross
92iqr33o9q3docgz,001.Black_footed_Albatross
4f17ab2pgpq5xesb,001.Black_footed_Albatross
kw0by3ermrlv5gv6,001.Black_footed_Albatross
srcab8wwt0gggvsl,001.Black_footed_Albatross
84yrdzpq5b5bf849,001.Black_footed_Albatross
bnp6411bxmxcjn50,001.Black_footed_Albatross
2m0u26gy4hix5yd9,001.Black_footed_Albatross
ee0egagj8mfje7oe,001.Black_footed_Albatross
lds0nocaiaze50tx,001.Black_footed_Albatross
1xq9rg9n3ntbwjll,001.Black_footed_Albatross
2mld14cwrrxnicxp,001.Black_footed_Albatross
k0awtjigm5gz8aqt,001.Black_footed_Albatross
ft84i30k5vbq4cp4,001.Black_footed_Albatross
g2a3u23piyvcp8gs,001.Black_footed_Albatross
3gxmu01paug24qud,001.Black_footed_Albatross
znns8rdvsfr9nxcu,001.Black_footed_Albatross
9w5j0hsr2o9vuw9u,001.Black_footed_Albatross
ooadtliprh5bf3os,001.Black_footed_Albatross
1p8twng6m8n15dpi,001.Black_footed_Albatross
rnxe0l2yhwt2ymwh,001.Black_footed_Albatross
enn4j828as3gbwij,001.Black_footed_Albatross
urg8pd000v0nzbin,001.Black_footed_Albatross
4w4zvpmhhuc95fnm,001.Black_footed_Albatross
3qdwosvatqm9mhog,001.Black_footed_Albatross
p6wbqld7bmjylb8u,001.Black_footed_Albatross
bqu4043xggemo2u1,001.Black_footed_Albatross
8l4uovkeh64xg9zq,001.Black_footed_Albatross
3xyul3l1otqpy6s8,001.Black_footed_Albatross
zrbanefdmpunufgi,001.Black_footed_Albatross
rls8p6u3v761bfi2,001.Black_footed_Albatross
lqmipuf1p1lriivl,001.Black_footed_Albatross
ta3779yiicroizm4,001.Black_footed_Albatross
zy97ewyvt1qjsd66,001.Black_footed_Albatross
fg7cqobh7apnfomj,001.Black_footed_Albatross
s3vm4srvjjldhv0t,001.Black_footed_Albatross
supits08c3p6rpgm,001.Black_footed_Albatross
kzykqpy4fcvj0mxy,001.Black_footed_Albatross
3m0h4ids52sf2w6q,001.Black_footed_Albatross
ksvsdh5qd0696oel,001.Black_footed_Albatross
w7x7a81s0xqzpeum,001.Black_footed_Albatross
fl4wtjce9aualhwf,001.Black_footed_Albatross
7gbbly5koulpgg1a,001.Black_footed_Albatross
ikz68y7jdvhsvgpm,001.Black_footed_Albatross
etjfd248yvzkld33,001.Black_footed_Albatross
jrz9ghic44xc82sp,001.Black_footed_Albatross
q39qaa8gjmo4lpeg,001.Black_footed_Albatross
qghe7xvk3h7gci81,001.Black_footed_Albatross
453wbztphvofsb54,001.Black_footed_Albatross
4scumn3j2k5i5yog,001.Black_footed_Albatross
jf7584530cv5g1ka,001.Black_footed_Albatross
vsjjt3h5suwyly6s,001.Black_footed_Albatross
lyrn29eqclxhd3ff,001.Black_footed_Albatross
smjrh3sne00j53j1,001.Black_footed_Albatross
po8w8dgw7oddwh5a,001.Black_footed_Albatross
ir9jkwnu2dlo4q0m,001.Black_footed_Albatross
mtto3ocegyx97f2n,001.Black_footed_Albatross
v1kso6xtgejetlcq,001.Black_footed_Albatross
a1kredlobcix9d1e,001.Black_footed_Albatross
x4k1l2pxh2wrvktt,001.Black_footed_Albatross
uf9bq4w50cgkfodz,001.Black_footed_Albatross
eima09x766moqagg,001.Black_footed_Albatross
d4jpj0x9341pdj6y,001.Black_footed_Albatross
70ifkpzrsonxs85h,001.Black_footed_Albatross
1pfdl95b5ye0oik0,001.Black_footed_Albatross
078e1vsyg5n6rgcx,001.Black_footed_Albatross
va48qjjskk8x8lnz,001.Black_footed_Albatross
juchc7utgl1ldi0s,001.Black_footed_Albatross
mcju0x29xhfwntyu,001.Black_footed_Albatross
jnubiinh1ufa6w84,001.Black_footed_Albatross
gn5dhsv60kgz4ek1,001.Black_footed_Albatross
jjzayfg9vqifjxka,001.Black_footed_Albatross
k4ir2ewdlm5zzrwg,001.Black_footed_Albatross
3ulfpfh6hlkfy2sp,001.Black_footed_Albatross
xyct2t4szird411f,001.Black_footed_Albatross
zvyx131kfjogfn62,001.Black_footed_Albatross
lz7tlpvvbbz95lcc,001.Black_footed_Albatross
6xbp6njofynfwnz8,001.Black_footed_Albatross
d4rh1wlsucdtlsar,001.Black_footed_Albatross
x5l4wypxm9y07g68,001.Black_footed_Albatross
z6rt7s2l88cl0nk9,001.Black_footed_Albatross
f0km1kmga8525f1j,001.Black_footed_Albatross
62ahz7n99jxv2u5u,001.Black_footed_Albatross
iyp2rqukt55tuvnp,001.Black_footed_Albatross
o7435mpvrm1503qs,001.Black_footed_Albatross
w16dtf400494tnyv,001.Black_footed_Albatross
za3zjj1n7yyoq551,001.Black_footed_Albatross
7u7b58wtd95ok3cv,001.Black_footed_Albatross
nauya80klr883dps,001.Black_footed_Albatross
mc291yfro1y4m9pk,001.Black_footed_Albatross
n4betmohwoa4ie7e,001.Black_footed_Albatross
wi5kndn31tuncwb2,001.Black_footed_Albatross
rnyirv3v36z7oi5f,001.Black_footed_Albatross
aefpm0raphjdlyqn,001.Black_footed_Albatross
nb7smywdezvq01xf,001.Black_footed_Albatross
8vpnctl3jk6zf8ky,001.Black_footed_Albatross
5wfnlazlselhc1m8,001.Black_footed_Albatross
86d7d2y2wcna37yq,001.Black_footed_Albatross
fyougfi437jk0q0z,001.Black_footed_Albatross
140csenrndln8uxu,001.Black_footed_Albatross
k3l26pgutgaoq4lm,001.Black_footed_Albatross
wutrlj35o8nd8lqr,001.Black_footed_Albatross
ck4zfehvkkv5vk3h,001.Black_footed_Albatross
g16ftq1xfofc8ekt,001.Black_footed_Albatross
u326fgd66leniedo,001.Black_footed_Albatross
r764dqe3td8r1oc8,001.Black_footed_Albatross
w5f3ttxxdgtkqe2n,001.Black_footed_Albatross
gblp3ywzmll6k56k,001.Black_footed_Albatross
yak5y32ysdqcs85w,001.Black_footed_Albatross
h258ggn6dl3zmdor,001.Black_footed_Albatross
958aw6uwjgw7mkw6,001.Black_footed_Albatross
h0fd6w29ue0tdx8m,001.Black_footed_Albatross
zov8k1hxk29vh1eq,001.Black_footed_Albatross
c5s7druwa9e6irpw,001.Black_footed_Albatross
2f6dn2aew30rk3hs,001.Black_footed_Albatross
dbha4u3bmnhvld4b,001.Black_footed_Albatross
xtcrsuyoovlqn2e8,001.Black_footed_Albatross
sgae8ak2svzk6mby,001.Black_footed_Albatross
1q2xk8sb6b2awrrq,001.Black_footed_Albatross
nugdded67y25y22u,001.Black_footed_Albatross
5n3e1lzehhiy8lnd,001.Black_footed_Albatross
ffehvi1kyu9ktg3b,001.Black_footed_Albatross
tw837voaggh977jn,001.Black_footed_Albatross
d8w4fgv5um6u0tny,001.Black_footed_Albatross
kqsxbuu9lewvc3af,001.Black_footed_Albatross
h9sa1riabkovul98,001.Black_footed_Albatross
gk2xz614pkraipmh,001.Black_footed_Albatross
5z7laoct0dxj3wow,001.Black_footed_Albatross
30v88pibj39ac8kv,001.Black_footed_Albatross
ks8ddrdmmgjqy1co,001.Black_footed_Albatross
2u8vu4d37rrdnm0b,001.Black_footed_Albatross
a37gwr7zo9yhwcl2,001.Black_footed_Albatross
eiqkglhd108fz2id,001.Black_footed_Albatross
r7ekazz4w6tgv5hc,001.Black_footed_Albatross
kw77xm55gwclabno,001.Black_footed_Albatross
5u4h1bpwps6i2aze,001.Black_footed_Albatross
364j1xz6qzgwguwc,001.Black_footed_Albatross
4wu5fssku63dmn8z,001.Black_footed_Albatross
8jsc1yeqv1q9wxet,001.Black_footed_Albatross
5jww8z53ihrt19ev,001.Black_footed_Albatross
yo3uhnwg1hummrj8,001.Black_footed_Albatross
nx3o5u5ean0w7ck1,001.Black_footed_Albatross
xjcfukj8aw07v04t,001.Black_footed_Albatross
92emmg60lx2cgafk,001.Black_footed_Albatross
dkj5rjjdrmk0gn4y,001.Black_footed_Albatross
qd83ou5l7bpabnhh,001.Black_footed_Albatross
6ug68wsh3hjyza14,001.Black_footed_Albatross
8lcpnmf40gtvkli1,001.Black_footed_Albatross
zsqg16fbdah7lq4g,001.Black_footed_Albatross
dcfbfe2at7g6wag4,001.Black_footed_Albatross
5zt4lge0kh222fzg,001.Black_footed_Albatross
ylpv9cdckr2zy3ji,001.Black_footed_Albatross
2xcjl73kjaqdw7s8,001.Black_footed_Albatross
1n99564ubzhucszd,001.Black_footed_Albatross
gi9l6qmcunrsx0pi,001.Black_footed_Albatross
fzfbqm8i7sz517k7,001.Black_footed_Albatross
stebnfx449ap7ja0,001.Black_footed_Albatross
2uznngzgl6us05sy,001.Black_footed_Albatross
8ct8r35n4bbwfifz,001.Black_footed_Albatross
f4urhcaco3ot3rou,001.Black_footed_Albatross
no12lejdlpb4232y,001.Black_footed_Albatross
jtaimfui78492jha,001.Black_footed_Albatross
mk900ksip956g0sx,001.Black_footed_Albatross
4yup1m35enbis3n2,001.Black_footed_Albatross
wsmmfw4vr2mks9k6,001.Black_footed_Albatross
ynhli8hwzpp2bfz3,001.Black_footed_Albatross
oq49lkcuwe2jjxsf,001.Black_footed_Albatross
kn1qhbn9ux3pl3bq,001.Black_footed_Albatross
otl8duzb4kmzdlsx,001.Black_footed_Albatross
j8u552ojp7mvlr5e,001.Black_footed_Albatross
rmysdr143alkwthl,001.Black_footed_Albatross
ijiid6m0rvvjt4ki,001.Black_footed_Albatross
5ds3oyn155ppy93g,001.Black_footed_Albatross
g0bw5sle4jfb7tdi,001.Black_footed_Albatross
zj2a435g8w5r98u3,001.Black_footed_Albatross
7711wx6bnem44v8x,001.Black_footed_Albatross
51fzjd2fda3pe97y,001.Black_footed_Albatross
igeptjn7iw22h34v,001.Black_footed_Albatross
ewtlgu0tf33qrwqd,001.Black_footed_Albatross
xym4uoq9pthfn7hk,001.Black_footed_Albatross
8dhx5iaczhaoe4wm,001.Black_footed_Albatross
l3oxbbpjla6fzgh8,001.Black_footed_Albatross
dth6dc9mlk0kq1lg,001.Black_footed_Albatross
cnyro9n1em1dpxiv,001.Black_footed_Albatross
xxtfhw6xifo2x0zn,001.Black_footed_Albatross
l7jmujxxvvav9ow2,001.Black_footed_Albatross
tsnha8ljmqdah9cx,001.Black_footed_Albatross
8f34l98fdynwhl8i,001.Black_footed_Albatross
0u2m69i0a8e2tps0,001.Black_footed_Albatross
jp7jl23ujxd6s1wa,001.Black_footed_Albatross
jwdrjwkxfrg36hd8,001.Black_footed_Albatross
8afl45cyl99xhjsu,001.Black_footed_Albatross
jg3zkqrevfeapk1p,001.Black_footed_Albatross
llophbr0mx9rftyy,001.Black_footed_Albatross
wqnrazaenhu8jzu2,001.Black_footed_Albatross
pqdmre4e0mpbmjj4,001.Black_footed_Albatross
h7b0y1na062kfeha,001.Black_footed_Albatross
czd8bsa5k35nnwnm,001.Black_footed_Albatross
rqzt896vh2v491hl,001.Black_footed_Albatross
701uxxhio1aitqkr,001.Black_footed_Albatross
thnfeamkltz86vvs,001.Black_footed_Albatross
edzzldyf7deuf3tq,001.Black_footed_Albatross
s7z25humjoattpf9,001.Black_footed_Albatross
usmncxje60rjzlue,001.Black_footed_Albatross
m3tgm10owu6k5u0i,001.Black_footed_Albatross
8rrbmftd1v1ir59p,001.Black_footed_Albatross
ca05pdsvwzh731bg,001.Black_footed_Albatross
nuqqthkl69b67gsg,001.Black_footed_Albatross
tiu013iqodx2kg36,001.Black_footed_Albatross
0p3semshud3h7yow,001.Black_footed_Albatross
40oiai2mrm1hyt9l,001.Black_footed_Albatross
3vetoth0dtmitvpg,001.Black_footed_Albatross
za8grj1o36dai7tz,001.Black_footed_Albatross
aclzdxf7zmu7x1b1,001.Black_footed_Albatross
9gnwnvukgwlu3ofe,001.Black_footed_Albatross
edlp8qnrjgp9x02e,001.Black_footed_Albatross
uyojn5tyzd3w0k6s,001.Black_footed_Albatross
nbfusy78exfsfv9m,001.Black_footed_Albatross
itopgfd710lxvbas,001.Black_footed_Albatross
2iq7xw1cwl1dswap,001.Black_footed_Albatross
5wulm1jieq90ixb6,001.Black_footed_Albatross
5u4my6fbifb6zbhm,001.Black_footed_Albatross
z3z1xm4z2egg43hr,001.Black_footed_Albatross
nhqchy6ngtniwrnc,001.Black_footed_Albatross
5i0htc0sh8sfwj8f,001.Black_footed_Albatross
ibut94zdykay13oa,001.Black_footed_Albatross
pxjnldf05ee1x9br,001.Black_footed_Albatross
z7j1r4gdya1oec6n,001.Black_footed_Albatross
apqp5fvpzdstjtaa,001.Black_footed_Albatross
46wq1u4hnq4fdl0o,001.Black_footed_Albatross
3c8fhpbax7ifv9vd,001.Black_footed_Albatross
5y5aicgg01aky1lf,001.Black_footed_Albatross
8isnsvp13djvpy99,001.Black_footed_Albatross
lucq2p4rf6t783z1,001.Black_footed_Albatross
mtr9wanoicc8uwe3,001.Black_footed_Albatross
ovyjcaejy0bh4a7t,001.Black_footed_Albatross
96zr04a5t40jgb43,001.Black_footed_Albatross
g4myahkexa6vhpbf,001.Black_footed_Albatross
xy289ytub6jo2cdm,001.Black_footed_Albatross
x16okh89hc3vmupu,001.Black_footed_Albatross
5w18tvwdccmddsdz,001.Black_footed_Albatross
1ij5ovnxeweuqbmw,001.Black_footed_Albatross
kg3e4nbnigdnvtrz,001.Black_footed_Albatross
sebtus5figr6t3ur,001.Black_footed_Albatross
d9fl8royef2qr773,001.Black_footed_Albatross
5z4iwfmrmzmyxe0z,001.Black_footed_Albatross
fbiztfj89thjxrrm,001.Black_footed_Albatross
vlch2h27g0a8ufvg,001.Black_footed_Albatross
3aa8n0yqrzt8e2tz,001.Black_footed_Albatross
oetqlh00n1dm2y4k,001.Black_footed_Albatross
hf930b3a6y3nug90,001.Black_footed_Albatross
ck7xn9wkluc6x6gg,001.Black_footed_Albatross
pu5mlgjup6elrqmi,001.Black_footed_Albatross
kpy679829mt397qd,001.Black_footed_Albatross
uaw63lzkcxxsgvdj,001.Black_footed_Albatross
qkw1mnzz7dwj2pc3,001.Black_footed_Albatross
62goq5mitgz88xd1,001.Black_footed_Albatross
w88bu48sv6g6p0hc,001.Black_footed_Albatross
tqbreebii1tbzd4u,001.Black_footed_Albatross
2trb7u42ah71yx2s,001.Black_footed_Albatross
8dhm518p9ad82nju,001.Black_footed_Albatross
xjmky8t7ljjmsjox,001.Black_footed_Albatross
zf9gqt661p2lri1j,001.Black_footed_Albatross
qh1h5pdwk2ecy959,001.Black_footed_Albatross
7uyw0eg71lp0ehz9,001.Black_footed_Albatross
3aeolc00ztats2nu,001.Black_footed_Albatross
o8pykqm04xo3mtcx,001.Black_footed_Albatross
paowysqasjycl9up,001.Black_footed_Albatross
ei0faekaio9kmml8,001.Black_footed_Albatross
564qgsymvcq7nfn0,001.Black_footed_Albatross
rn7ico2uspf7uyi6,001.Black_footed_Albatross
f0fwhmkuu7bp6don,001.Black_footed_Albatross
04x6l4edzt2srb0q,001.Black_footed_Albatross
v0l7hhon5v2qbws2,001.Black_footed_Albatross
kdqky7pl8kfd7j4p,001.Black_footed_Albatross
hgeshhy0vp7tjdx3,001.Black_footed_Albatross
pmk04xzvzr2vbg2m,001.Black_footed_Albatross
q63e4kenzeusi6oe,001.Black_footed_Albatross
odqni80sxhny1opr,001.Black_footed_Albatross
silakyc6n2j8rnn1,001.Black_footed_Albatross
izwr8givjmw7czg4,001.Black_footed_Albatross
jl7hm2ep1n4j9inl,001.Black_footed_Albatross
tv0x7qwqzjgkqirz,001.Black_footed_Albatross
3cpi0y0e8wzbscur,001.Black_footed_Albatross
30kwougdwfrgh19n,001.Black_footed_Albatross
h16m0qswfytqaj98,001.Black_footed_Albatross
bfbadga2yvbm9ol9,001.Black_footed_Albatross
rqr39k8r287bkgp0,001.Black_footed_Albatross
2aajfby182gtky7c,001.Black_footed_Albatross
zx4vfc6vepy2ah7v,001.Black_footed_Albatross
2055sezbbbhzz9yz,001.Black_footed_Albatross
9y1l2yxcb1is92eq,001.Black_footed_Albatross
sc0i60uk5dj1aiac,001.Black_footed_Albatross
x00hd0ypwq5pb2dp,001.Black_footed_Albatross
nim37an27rmuttv1,001.Black_footed_Albatross
gajx4n0tz10bpvhi,001.Black_footed_Albatross
y4ayr4u1batt2v6c,001.Black_footed_Albatross
ydj5at9ey4uck2be,001.Black_footed_Albatross
ko7gt2xozoybzegs,001.Black_footed_Albatross
znb15vml6l759lh2,001.Black_footed_Albatross
nlo88dteszms1d4e,001.Black_footed_Albatross
dpf9az26sa9q8l7u,001.Black_footed_Albatross
vppn1mbaemiyv5sx,001.Black_footed_Albatross
5y8q2eag716fe2e1,001.Black_footed_Albatross
augkmaxmswzr26hn,001.Black_footed_Albatross
5qzz3lynpar6qto4,001.Black_footed_Albatross
1miwk1knu029ipvx,001.Black_footed_Albatross
j2pdbnaqndwgfige,001.Black_footed_Albatross
8pzxwirl2nypphub,001.Black_footed_Albatross
45ne3xwy09w0maww,001.Black_footed_Albatross
2myu55oodwch2a8k,001.Black_footed_Albatross
qip1qa9l17jbwzrg,001.Black_footed_Albatross
3erlovz5p1d9k682,001.Black_footed_Albatross
03m0wf598v4upr9t,001.Black_footed_Albatross
ixy5hwl85pvieopm,001.Black_footed_Albatross
ps2tkbqkek8r7rgn,001.Black_footed_Albatross
fmzn2cuuoz2gap8x,001.Black_footed_Albatross
1hm5z0iwgj2skv5i,001.Black_footed_Albatross
rlwqfkn7g23xnmck,001.Black_footed_Albatross
ekr02o2h49tniw96,001.Black_footed_Albatross
miboi3n9wdysae1g,001.Black_footed_Albatross
hded1nbm84bzb11m,001.Black_footed_Albatross
968q6q683705k3f1,001.Black_footed_Albatross
87qe9jg61iycxk8s,001.Black_footed_Albatross
74tjxd46idyd7p4g,001.Black_footed_Albatross
jv48mm8bcxlt48cb,001.Black_footed_Albatross
f0kl3z64owpwpeur,001.Black_footed_Albatross
evym3keq41ysuozj,001.Black_footed_Albatross
t279v6io2x9p32kc,001.Black_footed_Albatross
gelxtb8mvf7jmxdw,001.Black_footed_Albatross
3gut194ctwni1moc,001.Black_footed_Albatross
d1ecovrwqjxgls18,001.Black_footed_Albatross
jm1tmb12bh8845dq,001.Black_footed_Albatross
2gym1arex4i6yas7,001.Black_footed_Albatross
xthhpoeevmhvlg2a,001.Black_footed_Albatross
5x9p4wob9kvxexut,001.Black_footed_Albatross
89sv4bjw9i7u10c1,001.Black_footed_Albatross
u9hsaz3di5zqc141,001.Black_footed_Albatross
cvyopgegxjpotsod,001.Black_footed_Albatross
f62tnc2mvfmphp4n,001.Black_footed_Albatross
ytvqmqmgl2d6cczh,001.Black_footed_Albatross
sirknfzti8u5lge7,001.Black_footed_Albatross
b496qagvgcm4wvzk,001.Black_footed_Albatross
lsj0hje7k415dn6q,001.Black_footed_Albatross
z3rv6x958kemvzhj,001.Black_footed_Albatross
1y6n7l96tf8kc7m8,001.Black_footed_Albatross
q5b4qxz48dj0q831,001.Black_footed_Albatross
6vm0twg35dyumypt,001.Black_footed_Albatross
04gjm07ey91fw4ic,001.Black_footed_Albatross
vhsbciqenpbxh3k0,001.Black_footed_Albatross
3jnrb565kqufgrwg,001.Black_footed_Albatross
kt3vm9f9ggeefj2k,001.Black_footed_Albatross
khg85ja5jgz63436,001.Black_footed_Albatross
mc5449t4u2yicxzf,001.Black_footed_Albatross
ptgkmq100rwf4qn0,001.Black_footed_Albatross
r6ay51ncalzbd8z2,001.Black_footed_Albatross
0ay5hbb5uwlr9o8v,001.Black_footed_Albatross
auh1e4fgukytnrfx,001.Black_footed_Albatross
akxyvvsrwsvadr0u,001.Black_footed_Albatross
ooglrhbsvprs8156,001.Black_footed_Albatross
un8zhwj362uqli2i,001.Black_footed_Albatross
pwj7d54py7bb5k7c,001.Black_footed_Albatross
q2f2yxsg1icfnjt1,001.Black_footed_Albatross
l93b2bmjj4qlejci,001.Black_footed_Albatross
pbobxodu7z82w9pd,001.Black_footed_Albatross
1ur1gklgt0hdj390,001.Black_footed_Albatross
7wn70gzyw1z90w6r,001.Black_footed_Albatross
67g95psm6d0yi2aq,001.Black_footed_Albatross
8f4a075qrlp3ijqk,001.Black_footed_Albatross
ha44pxfoub9frgf2,001.Black_footed_Albatross
fvx7w0px0rzmmmni,001.Black_footed_Albatross
gcs6vkg63febjkpj,001.Black_footed_Albatross
stx67aysun6lyq6k,001.Black_footed_Albatross
mcme2j7kbirszb19,001.Black_footed_Albatross
x8s52lej030brtia,001.Black_footed_Albatross
wgi1dmejws1j4zm9,001.Black_footed_Albatross
z0opv27gt0laeqsr,001.Black_footed_Albatross
xezwe9cifwxc1he1,001.Black_footed_Albatross
1zx72vv9xncint2x,001.Black_footed_Albatross
zxucbpfpy7e7egbl,001.Black_footed_Albatross
noplj2yra9jrlcyh,001.Black_footed_Albatross
ujaexe96343heckg,001.Black_footed_Albatross
b09iov3sb9aazemt,001.Black_footed_Albatross
vvvfxjkp6w0zliq4,001.Black_footed_Albatross
ie2rgarc83y3emca,001.Black_footed_Albatross
cpaix4031wweahiw,001.Black_footed_Albatross
k1zpzitn6r0kivvo,001.Black_footed_Albatross
iatwzbso9jh743h7,001.Black_footed_Albatross
1bsz6dt0u7y74g05,001.Black_footed_Albatross
fxy0l9eipijkfpdz,001.Black_footed_Albatross
n4robtea426py7a4,001.Black_footed_Albatross
gbyiv1zj9r3ynssu,001.Black_footed_Albatross
57p7yl2iz1oqcdaf,001.Black_footed_Albatross
af431aheffpow0yx,001.Black_footed_Albatross
h1vyhp1e021g8i33,001.Black_footed_Albatross
jrjbmy3bf35f5dws,001.Black_footed_Albatross
fvrzuuac35psa8t5,001.Black_footed_Albatross
sdes3fi25aljchfy,001.Black_footed_Albatross
9ih488uhfcfdcm2e,001.Black_footed_Albatross
zar7kvion8u5iijw,001.Black_footed_Albatross
soxk8qtrexjce71m,001.Black_footed_Albatross
vexczxpvqtno4qmb,001.Black_footed_Albatross
bjn3o8c3r4lj555d,001.Black_footed_Albatross
qiaztf6u69i4tws6,001.Black_footed_Albatross
xoj8cvf46furyic5,001.Black_footed_Albatross
0psapq1uldaikdwo,001.Black_footed_Albatross
qd0ktveovhnfuhtd,001.Black_footed_Albatross
i37s8scuu95x27nv,001.Black_footed_Albatross
lo84xyqxdm3yeime,001.Black_footed_Albatross
ba3o3uahtm2t88bi,001.Black_footed_Albatross
lstx0roj24enq5yv,001.Black_footed_Albatross
usjq4ihwhm7ip9xh,001.Black_footed_Albatross
6tbjr2meh2a8td7j,001.Black_footed_Albatross
oxkgaq2zwldx9mta,001.Black_footed_Albatross
mxl8wc1l5phragqv,001.Black_footed_Albatross
csi1da6nr7vrtrsx,001.Black_footed_Albatross
jlhb2nejgnogwquj,001.Black_footed_Albatross
837vaiixwgxdfeml,001.Black_footed_Albatross
4dy78g5wcbjvowje,001.Black_footed_Albatross
ym278nmgjsy0xb1s,001.Black_footed_Albatross
ossfv812rip59njj,001.Black_footed_Albatross
2lhq711zktddh3qp,001.Black_footed_Albatross
jarf2j0fi5a6djm3,001.Black_footed_Albatross
ll1zcj8vginvuz5s,001.Black_footed_Albatross
tdrjrkcr2xghfc9i,001.Black_footed_Albatross
dw0t62jf021pall5,001.Black_footed_Albatross
hj6p0ejfxbz93kia,001.Black_footed_Albatross
wc7rzugazsa0z730,001.Black_footed_Albatross
uj7cl57ibk9blh0w,001.Black_footed_Albatross
6w8h4kfjg1c8qtc9,001.Black_footed_Albatross
05hfh9g43e8ytj7a,001.Black_footed_Albatross
ra6tw9z8hnp39q6d,001.Black_footed_Albatross
4r4k81ft0arlb78y,001.Black_footed_Albatross
ilxllqbdw7mdbzv6,001.Black_footed_Albatross
3yfxi7am4b7p9o92,001.Black_footed_Albatross
vkepk1tdnbjungp1,001.Black_footed_Albatross
yrwv9oy30xwz1068,001.Black_footed_Albatross
te54laik3i5peb5e,001.Black_footed_Albatross
49h6dxtqgorqds0v,001.Black_footed_Albatross
rqfclpdwo2zws5l6,001.Black_footed_Albatross
f1fhde2t6sz0y4mw,001.Black_footed_Albatross
22dfo0bjtspl6ibo,001.Black_footed_Albatross
v3jg5ch64twv5yvj,001.Black_footed_Albatross
gr56ochyngimmdxh,001.Black_footed_Albatross
8jdmattmz4t6hce9,001.Black_footed_Albatross
fc42s8qf5fzgyahv,001.Black_footed_Albatross
nedkgm0tjdm8ugmd,001.Black_footed_Albatross
qelmnvy8w4nlzrsa,001.Black_footed_Albatross
4n2drrhqynrr8t8n,001.Black_footed_Albatross
qjeqybk5pokhhwg9,001.Black_footed_Albatross
mma4rfr2mm68xn8z,001.Black_footed_Albatross
a1w3klm4mnrv7gzf,001.Black_footed_Albatross
0eh3jem987jmfhii,001.Black_footed_Albatross
5coi8116opsq5pxr,001.Black_footed_Albatross
bjlv5udfwa18jtlp,001.Black_footed_Albatross
jb0onbpx5i2akp8v,001.Black_footed_Albatross
yb6m04iyj2dztltm,001.Black_footed_Albatross
fee74teefvuptmou,001.Black_footed_Albatross
sde6hbrb7xfymz5j,001.Black_footed_Albatross
igib6iqtt2hdadpp,001.Black_footed_Albatross
2ixos6fv4ubidkyl,001.Black_footed_Albatross
jz5gnlb1hhcwgbw6,001.Black_footed_Albatross
2w156bm73c4rkr7t,001.Black_footed_Albatross
js5mdcxg8x7c9i0r,001.Black_footed_Albatross
aeicdk04kzzhki0m,001.Black_footed_Albatross
6qvjm1kuow56xkc6,001.Black_footed_Albatross
r5380q42ezxs14te,001.Black_footed_Albatross
xwr8px1srf8muohm,001.Black_footed_Albatross
r7pq2pglz2jqxy1b,001.Black_footed_Albatross
vi8pi4qvqlnict69,001.Black_footed_Albatross
efpg5jlxrcdvdsuf,001.Black_footed_Albatross
3kf6o9mqqh7ifapr,001.Black_footed_Albatross
t2yctgme5izm1la3,001.Black_footed_Albatross
lkaokjr76w4u0x1w,001.Black_footed_Albatross
fkqwt3lonfmv1o2u,001.Black_footed_Albatross
cb7cb95s7pwt4v7g,001.Black_footed_Albatross
pzs4wlpw4qz5ygn3,001.Black_footed_Albatross
qabxc65c2mmxummz,001.Black_footed_Albatross
0lrcdjt4i6ir6xka,001.Black_footed_Albatross
6j9e46fnl6wrzd5h,001.Black_footed_Albatross
ea8ng3ajktae7vfs,001.Black_footed_Albatross
4q65xy3qqzaiki4d,001.Black_footed_Albatross
doar7kfrtror3xdr,001.Black_footed_Albatross
qezpdg0hs8ht63o8,001.Black_footed_Albatross
v42ajkus063p4uw3,001.Black_footed_Albatross
7dl0n3l6u0cbsiuf,001.Black_footed_Albatross
42fps9l5x4y0v6si,001.Black_footed_Albatross
g9g7ac51pa7h62ly,001.Black_footed_Albatross
6p51p85dqf5nlsar,001.Black_footed_Albatross
pr1nkkuttk4p9zlx,001.Black_footed_Albatross
0osnvwoap71kuu33,001.Black_footed_Albatross
ss1u6p3l2iaj6s8e,001.Black_footed_Albatross
3ymyzbg7j04md9ic,001.Black_footed_Albatross
yqvxfne1tays9888,001.Black_footed_Albatross
kghssx6f9usodrlf,001.Black_footed_Albatross
ypmwe78ypp8yp6go,001.Black_footed_Albatross
skuu708g44k7hx8d,001.Black_footed_Albatross
knbey0k2c4b44s3a,001.Black_footed_Albatross
84d29wl5q8jg1tqd,001.Black_footed_Albatross
mbim68hk7zfwc7zg,001.Black_footed_Albatross
p4d8bsjm9revm0ry,001.Black_footed_Albatross
jaldi60pahl0cq4l,001.Black_footed_Albatross
f1r9biyfmme99ys2,001.Black_footed_Albatross
14wrlp0tkn6mvete,001.Black_footed_Albatross
s5l8xvmmw5vsd2sp,001.Black_footed_Albatross
rela40mpipsho644,001.Black_footed_Albatross
sf2ijownhis6u14l,001.Black_footed_Albatross
h3tgmvqcw8mcwvaq,001.Black_footed_Albatross
udquya13ff1pbjso,001.Black_footed_Albatross
3a0oxgjs61wuf4hf,001.Black_footed_Albatross
ndlnsk6vsj5bh1xb,001.Black_footed_Albatross
2a1oebneizgkkxt9,001.Black_footed_Albatross
bm9lbzumjbbkcbk2,001.Black_footed_Albatross
421yfbjqsx3qf97u,001.Black_footed_Albatross
3ap5ixfely7bt872,001.Black_footed_Albatross
75apjql6j21omwmh,001.Black_footed_Albatross
h4j75q05pzgc50ve,001.Black_footed_Albatross
9lt59xm54scdwuni,001.Black_footed_Albatross
o7uy20g2iwdf6s4l,001.Black_footed_Albatross
mmit6hvro7wqm1id,001.Black_footed_Albatross
1lmx3csgly32h97l,001.Black_footed_Albatross
3pf3d9aydnxjmofz,001.Black_footed_Albatross
x5p4a4qawtghkr8l,001.Black_footed_Albatross
ub67hi3694y3l3ux,001.Black_footed_Albatross
2xun1274altju5ec,001.Black_footed_Albatross
iug0tmamd073euci,001.Black_footed_Albatross
krzu1sx2plqwngrd,001.Black_footed_Albatross
7u8ybacj0v3a74o5,001.Black_footed_Albatross
h7x8jg0bmxhje3fb,001.Black_footed_Albatross
l21meeuam1qsly8r,001.Black_footed_Albatross
0gg5nx6e84lco1qs,001.Black_footed_Albatross
97yvbansd1st9vnj,001.Black_footed_Albatross
tkrxrztti5cat3i9,001.Black_footed_Albatross
dnlonq57v5rmvdwj,001.Black_footed_Albatross
sjolib6wkuo2spal,001.Black_footed_Albatross
tqqylm8j6okkeybd,001.Black_footed_Albatross
owicc315q5yroc1n,001.Black_footed_Albatross
m4055ggvs5c3yf5h,001.Black_footed_Albatross
ssod7yb60trp8kqn,001.Black_footed_Albatross
rri1t67iirswuhfl,001.Black_footed_Albatross
6i6lgi2npe97jpb4,001.Black_footed_Albatross
k51kzqnb9i6wucvm,001.Black_footed_Albatross
tezhr09i2nj462bj,001.Black_footed_Albatross
2d7f9g04y1wbvcap,001.Black_footed_Albatross
x0y588h6copxna0x,001.Black_footed_Albatross
24cus8kvlxcphv3j,001.Black_footed_Albatross
v623q5ncbfyat038,001.Black_footed_Albatross
nk8j65uefzd31shx,001.Black_footed_Albatross
483vlruwrjnhixuk,001.Black_footed_Albatross
remq2so7amjme3ai,001.Black_footed_Albatross
z8j0woeffgckig74,001.Black_footed_Albatross
0s1ukb81hmkhu0b5,001.Black_footed_Albatross
vnxjvdtrse9h50et,001.Black_footed_Albatross
98mwqdq8bdce4d5z,001.Black_footed_Albatross
ovlo48ytssizs6zc,001.Black_footed_Albatross
21ca8x7jmnr8elon,001.Black_footed_Albatross
x9k2wlo98cr2n8vn,001.Black_footed_Albatross
xvb0s8o6as9tg2q5,001.Black_footed_Albatross
ex61eydgy156v905,001.Black_footed_Albatross
kitcqfz4hii1uxgv,001.Black_footed_Albatross
49d2c11lmcq18xq9,001.Black_footed_Albatross
h8p8cknmbvuq1xlr,001.Black_footed_Albatross
ve28mjmo9zewm2bz,001.Black_footed_Albatross
8tkp7gi8i2o80kfd,001.Black_footed_Albatross
it5f72kdw0avjs11,001.Black_footed_Albatross
1v7eroauxh4hor0m,001.Black_footed_Albatross
6d76hljjfl44k5rl,001.Black_footed_Albatross
323qje90ut61fvp0,001.Black_footed_Albatross
44b2fpwmyfces4g6,001.Black_footed_Albatross
0ikkebjf3ax4jxv4,001.Black_footed_Albatross
fsvx2lxyorx7rpgp,001.Black_footed_Albatross
40t2cdem0qz01ye5,001.Black_footed_Albatross
1ss8mlalc2p2twdf,001.Black_footed_Albatross
o0m74in3nr2t1e7z,001.Black_footed_Albatross
o79ee0a7p1tyz7uh,001.Black_footed_Albatross
25dvqef5grfi8mio,001.Black_footed_Albatross
b6d2h3ix81azfp3g,001.Black_footed_Albatross
nzatfw9i3ev6775t,001.Black_footed_Albatross
c8m2rxcvubcf3i1y,001.Black_footed_Albatross
ndm5kjsqkh0t1mi4,001.Black_footed_Albatross
01pqvgnpo4kj20uc,001.Black_footed_Albatross
hkb3sszsaxsdkhmv,001.Black_footed_Albatross
7dfw6j7jikg68nm4,001.Black_footed_Albatross
wulac075nz52y2xz,001.Black_footed_Albatross
nwpl580dg91zmvko,001.Black_footed_Albatross
jdx769ynj7gk4sf4,001.Black_footed_Albatross
7jtrt28aajurifdq,001.Black_footed_Albatross
c8ccj2lsjcnzkr4x,001.Black_footed_Albatross
i7rm1vkbfeqza873,001.Black_footed_Albatross
warqkut9iaffgsq1,001.Black_footed_Albatross
s7t4h3wqygmc027g,001.Black_footed_Albatross
sfbp7e2sv7svktwj,001.Black_footed_Albatross
dr2rdmpbsmn8084g,001.Black_footed_Albatross
fmj9opum115bavc4,001.Black_footed_Albatross
zqi1kz2mdzrgx4mf,001.Black_footed_Albatross
sbcqkosj0hmwxao9,001.Black_footed_Albatross
gdnq9z6rt97mjc7a,001.Black_footed_Albatross
01txr2cjmqt2mac3,001.Black_footed_Albatross
na2ql7voz6v3z8yf,001.Black_footed_Albatross
otmpikcxy4bkg2hq,001.Black_footed_Albatross
tkgwe6ozalboo66n,001.Black_footed_Albatross
negza215w6rlt44i,001.Black_footed_Albatross
8b7urb617jpb8g03,001.Black_footed_Albatross
10kfk7devw6ukk4h,001.Black_footed_Albatross
jduyoy0d6teavlid,001.Black_footed_Albatross
40jnn4se8digag2x,001.Black_footed_Albatross
c0rvuwjz2u7sifoj,001.Black_footed_Albatross
d1fte3vh1c0aaqqy,001.Black_footed_Albatross
1cctg0343ci64duv,001.Black_footed_Albatross
pg6e4dc6x5hm3vwj,001.Black_footed_Albatross
buvt2lzaebpbqvwd,001.Black_footed_Albatross
ra135skq5u5c1rvo,001.Black_footed_Albatross
81l10zhi885zxc99,001.Black_footed_Albatross
619rbii6hdyb123i,001.Black_footed_Albatross
drzaifyj4wvapt7j,001.Black_footed_Albatross
83npnrvv23a9zupx,001.Black_footed_Albatross
ydbxyx079ha3bp8b,001.Black_footed_Albatross
je7r3ui1xymfncj9,001.Black_footed_Albatross
ovotuwfsmpqrt91s,001.Black_footed_Albatross
pp21tyzvuutqahms,001.Black_footed_Albatross
yrvd3gljznppo6ga,001.Black_footed_Albatross
h32e64fgwyhpzbrh,001.Black_footed_Albatross
f4bso9p8715ge180,001.Black_footed_Albatross
mae2j0h7u994lsoo,001.Black_footed_Albatross
7uinchhp9f0k2aaq,001.Black_footed_Albatross
y4az8ac1r9hi1une,001.Black_footed_Albatross
7bi09tqr7orwjsto,001.Black_footed_Albatross
l0ecf9xlu37u0at7,001.Black_footed_Albatross
ngp8fhdu4g0v4949,001.Black_footed_Albatross
rjkssfmoy5c5dcfk,001.Black_footed_Albatross
fsph7hup43eegzwf,001.Black_footed_Albatross
n3m5vd034w42zo76,001.Black_footed_Albatross
nh1q8bgihhq8gla3,001.Black_footed_Albatross
yb8hlcl0gngzo7hb,001.Black_footed_Albatross
84xvfz34ijuzeqy8,001.Black_footed_Albatross
bpagiq29lyad8hs2,001.Black_footed_Albatross
lwe73ab42wi9cqdh,001.Black_footed_Albatross
k8j108ffrcgv9xtj,001.Black_footed_Albatross
885twm9ynilb56zg,001.Black_footed_Albatross
mvvz5iw5yjuu76n5,001.Black_footed_Albatross
e5gox90lsdv29ajn,001.Black_footed_Albatross
86j2ehxq975j767f,001.Black_footed_Albatross
894hce6b8wkyn38o,001.Black_footed_Albatross
861awhfbol18khi9,001.Black_footed_Albatross
14c69yqw8l5uqpf1,001.Black_footed_Albatross
yopvz3yugg89dvij,001.Black_footed_Albatross
xg5o6cn5kel3gw7i,001.Black_footed_Albatross
qblgqjhr7kvj3y5e,001.Black_footed_Albatross
0h16eu2uahjnk9m4,001.Black_footed_Albatross
kyof3h775thptud3,001.Black_footed_Albatross
exhbojacx27891r4,001.Black_footed_Albatross
8qh038hs8p4tgyju,001.Black_footed_Albatross
22k3s0wvvgktb0ti,001.Black_footed_Albatross
gv1mty4el3ez402k,001.Black_footed_Albatross
mxq2i70bkeu7unpn,001.Black_footed_Albatross
63gsbej717mbw78y,001.Black_footed_Albatross
34ve2l5hzahj6008,001.Black_footed_Albatross
5wba8gk5u81r35f1,001.Black_footed_Albatross
mfxsjta7c4y0fg4v,001.Black_footed_Albatross
garsbn8bi7tzsrvt,001.Black_footed_Albatross
9lvzqwp5ob1v7unq,001.Black_footed_Albatross
afh3ojzp8yxzez2s,001.Black_footed_Albatross
ur0p4gtrooepfu5t,001.Black_footed_Albatross
w51yhcemha5s5j25,001.Black_footed_Albatross
qgmhy84czc2re3ki,001.Black_footed_Albatross
f4bbufs8022ygnux,001.Black_footed_Albatross
t133rwtdfjc5tlh9,001.Black_footed_Albatross
rjl95ou401b97iza,001.Black_footed_Albatross
evwil47p7rpegy0y,001.Black_footed_Albatross
7di3fbyergt55s4h,001.Black_footed_Albatross
qfsszmxpzuloqqy6,001.Black_footed_Albatross
s8hk3aasmmnpbe5z,001.Black_footed_Albatross
ulk1jgnmfvt7xk4t,001.Black_footed_Albatross
b0k3jtfgbghwe8f9,001.Black_footed_Albatross
itch1qf6w16m4yeb,001.Black_footed_Albatross
1ic6bdgoczb52tbh,001.Black_footed_Albatross
7m84a0sjnh79wsv7,001.Black_footed_Albatross
5fma25uex18nlzsj,001.Black_footed_Albatross
w6qj6hfms2l906uq,001.Black_footed_Albatross
c8s5r6qlpj9m2wuu,001.Black_footed_Albatross
ov4mlts340udbd4s,001.Black_footed_Albatross
pfrj1fgef3mwcfo8,001.Black_footed_Albatross
2dmdrr42o13feygp,001.Black_footed_Albatross
6dmfzuq1b9jqozdk,001.Black_footed_Albatross
ie0lu0mkcotsbemn,001.Black_footed_Albatross
mdyad25fd0hdc6x2,001.Black_footed_Albatross
mnwbv4hooeo6suuv,001.Black_footed_Albatross
5qh5o0np3e2gzi8p,001.Black_footed_Albatross
clrb8mme1wtvzpzr,001.Black_footed_Albatross
5w7a8rlgdiw1r5mf,001.Black_footed_Albatross
oweyyacpozd7p6x3,001.Black_footed_Albatross
bq1yev3ce4nomr7f,001.Black_footed_Albatross
0i5yx3gojrug2ohy,001.Black_footed_Albatross
ex0dvfbref9bi2sm,001.Black_footed_Albatross
rd1xln5e5h59jly9,001.Black_footed_Albatross
xr72zf0kc3z5n1rr,001.Black_footed_Albatross
ontc41pi5yk819i7,001.Black_footed_Albatross
fy9pej06zk9h9h5a,001.Black_footed_Albatross
ykdicc6dkg5bah0x,001.Black_footed_Albatross
4veb06bd5roj0ova,001.Black_footed_Albatross
2iv1rnrm086s4phq,001.Black_footed_Albatross
4g9ahhm7nec7p4g3,001.Black_footed_Albatross
wre40ihsrsdvz4b5,001.Black_footed_Albatross
fon69by2ssgfov3q,001.Black_footed_Albatross
q32idjmdw06tikg4,001.Black_footed_Albatross
vznba5fese5qba7u,001.Black_footed_Albatross
mcbu9kdk9m13njkc,001.Black_footed_Albatross
wq8a1wlarig17wtr,001.Black_footed_Albatross
egtsdqvvgnlrtdv0,001.Black_footed_Albatross
ktdpyuvyntc3x08c,001.Black_footed_Albatross
q3c6f76mlp5utcuo,001.Black_footed_Albatross
q0guwuaccd9zsyv7,001.Black_footed_Albatross
5mdf195mm7k75iue,001.Black_footed_Albatross
pn8wt20abbnmvsec,001.Black_footed_Albatross
53mgatrcs8mn18sn,001.Black_footed_Albatross
9z6bfq0gkvcdmit7,001.Black_footed_Albatross
5g89ud7a65chtk46,001.Black_footed_Albatross
9xx7hnl2ko5cnv16,001.Black_footed_Albatross
m77v1q461vj0rw92,001.Black_footed_Albatross
mu0uwmbg3w4ma1gj,001.Black_footed_Albatross
z5rsp6xdjxoxzkdu,001.Black_footed_Albatross
15816md2ipvgwk6w,001.Black_footed_Albatross
3o1kja0v3qkmj4xp,001.Black_footed_Albatross
spde30v396c57o0o,001.Black_footed_Albatross
bs1kacf0bou7lr5p,001.Black_footed_Albatross
i4kztbzurvqx6c5o,001.Black_footed_Albatross
mz80gs5wqmztjnh9,001.Black_footed_Albatross
7qk0tsl6pttul86i,001.Black_footed_Albatross
d4sdmw5llja5shma,001.Black_footed_Albatross
wveppy6jgohy3cqb,001.Black_footed_Albatross
yd5wg197uyv8n82s,001.Black_footed_Albatross
3jezdqap6jqpvn95,001.Black_footed_Albatross
d5npyh0e8oz0i232,001.Black_footed_Albatross
xwy70gdetuqv2k70,001.Black_footed_Albatross
u3e79vs3tgswx5pk,001.Black_footed_Albatross
svcmcmfw2wzf54fk,001.Black_footed_Albatross
ektlsipmnqs5hzpd,001.Black_footed_Albatross
w0an055n9j5i3v7s,001.Black_footed_Albatross
9lhy1fknyaf3jan9,001.Black_footed_Albatross
4jmmkc44z95jdym5,001.Black_footed_Albatross
xzqkfio1tka3drxw,001.Black_footed_Albatross
biopobnq653jq9m2,001.Black_footed_Albatross
tx5425sa80ml0fxr,001.Black_footed_Albatross
30evnsptodfjc056,001.Black_footed_Albatross
yecs4m7uhxp8r5c5,001.Black_footed_Albatross
fu9wgxc2zaryybx3,001.Black_footed_Albatross
70cp4hrwyhpmeq8w,001.Black_footed_Albatross
82wjzimct9x3jbqe,001.Black_footed_Albatross
k92b94edigznbr7e,001.Black_footed_Albatross
v846r93k30p90ko1,001.Black_footed_Albatross
cy5uvmjzmesjyc0n,001.Black_footed_Albatross
njpu13vauro5ym3z,001.Black_footed_Albatross
hjvittugujd106bq,001.Black_footed_Albatross
canyvosoh6q5lwux,001.Black_footed_Albatross
lo2ggsxrx72r7ngl,001.Black_footed_Albatross
iwhaacx0a89d8d8n,001.Black_footed_Albatross
lsjvwsutl379gs11,001.Black_footed_Albatross
pa2t7mke0jumgq89,001.Black_footed_Albatross
tloi2iq0vge9cnre,001.Black_footed_Albatross
cfrufisocay3pn4v,001.Black_footed_Albatross
l7j4qo7vhi6mfyht,001.Black_footed_Albatross
wplxmvpwsk93xnav,001.Black_footed_Albatross
58k4zvg0pfzdzczw,001.Black_footed_Albatross
7k54lu1v6ty6cbl6,001.Black_footed_Albatross
07fvjtkaw3tupkh7,001.Black_footed_Albatross
oj2gx9zsft2ks6ql,001.Black_footed_Albatross
yevknfkucodsmf73,001.Black_footed_Albatross
83a07trcwo29zkpc,001.Black_footed_Albatross
iaz49abkcz0up5hl,001.Black_footed_Albatross
zjnwib6q857xy98o,001.Black_footed_Albatross
limhbk0hym1zrbap,001.Black_footed_Albatross
b7n8ex545gx4us58,001.Black_footed_Albatross
eg1ob4t285pkkjv3,001.Black_footed_Albatross
0r5u79eo40rw0rqs,001.Black_footed_Albatross
n8dtgvwwmvdbem9c,001.Black_footed_Albatross
xpk6wdm74qd5glcs,001.Black_footed_Albatross
ceco5njc09vhzhtr,001.Black_footed_Albatross
yvvaglym71424zuh,001.Black_footed_Albatross
5qztfsmvpdykccw7,001.Black_footed_Albatross
4jxd6kho2vke0llg,001.Black_footed_Albatross
zx51lghpgb69x2kj,001.Black_footed_Albatross
ovctl32ta70eem30,001.Black_footed_Albatross
158u67wxuuxxhgq3,001.Black_footed_Albatross
wksdyvi3d2f8xikn,001.Black_footed_Albatross
tp4c6zyke1mk5fro,001.Black_footed_Albatross
jedaxuk579kzajgi,001.Black_footed_Albatross
nsetmoysw9fcu1un,001.Black_footed_Albatross
fff30t7qr7wef6do,001.Black_footed_Albatross
jhsbmjjcoq94tca9,001.Black_footed_Albatross
nv4gbk5ehshm5scy,001.Black_footed_Albatross
p0zcllmtz7hx0w0s,001.Black_footed_Albatross
ttal2611splvv4cc,001.Black_footed_Albatross
4tcy7wfizxvh1x82,001.Black_footed_Albatross
ah48y8aa63eh4tu9,001.Black_footed_Albatross
yz26bzm9os2c9g85,001.Black_footed_Albatross
liccjxr9wm2v4uid,001.Black_footed_Albatross
hp8gak156jscf5no,001.Black_footed_Albatross
5e76q82imimd3mce,001.Black_footed_Albatross
6gjfaoa6nr83ny2c,001.Black_footed_Albatross
6vu29501kn7w1i24,001.Black_footed_Albatross
g790nackd79p4v32,001.Black_footed_Albatross
wnwst6gzwm6mm1fx,001.Black_footed_Albatross
ciqou0hrg2to92d7,001.Black_footed_Albatross
2ddrv8wr70tfbm98,001.Black_footed_Albatross
1eotc9tknbfcau6l,001.Black_footed_Albatross
617gv4ztyehfo41u,001.Black_footed_Albatross
39d1yr8rth4qmv8k,001.Black_footed_Albatross
udgcojqkho9qokfz,001.Black_footed_Albatross
pu5nidaawoo9puyf,001.Black_footed_Albatross
tbn098ybbyxs2it2,001.Black_footed_Albatross
ity9558dt0u17qwq,001.Black_footed_Albatross
q3gydzkz0do4jct7,001.Black_footed_Albatross
iebetayfvvgcg5fp,001.Black_footed_Albatross
ykgz049ywzal77l0,001.Black_footed_Albatross
vsgl9ny8lh9p73nc,001.Black_footed_Albatross
k7x1k8bd8ilmbobe,001.Black_footed_Albatross
23khxyhtd4gire2j,001.Black_footed_Albatross
x9sw3hnbsuiba42z,001.Black_footed_Albatross
yqeh4x44lox783hq,001.Black_footed_Albatross
mz6zx2l4rq0mxavt,001.Black_footed_Albatross
gdmac4ni4il7waz5,001.Black_footed_Albatross
21brqk40qc6omdh2,001.Black_footed_Albatross
8qyae896dpfuwbgg,001.Black_footed_Albatross
k5a0fe3vi4mdvo4e,001.Black_footed_Albatross
jzm2qocqqmkbree1,001.Black_footed_Albatross
7008tdhx1q54o6in,001.Black_footed_Albatross
663dx8z9z87sjjzf,001.Black_footed_Albatross
jep67soqdmurr7ca,001.Black_footed_Albatross
c11759u5mzuof344,001.Black_footed_Albatross
6ry74fl4ke2z60xc,001.Black_footed_Albatross
bqnus0h5t0imh40w,001.Black_footed_Albatross
aajqdmeeoi6o16wl,001.Black_footed_Albatross
uahmgmoql1gqd9f4,001.Black_footed_Albatross
je6ufg63tixy6f9b,001.Black_footed_Albatross
l6xeda8s9x8dgk4f,001.Black_footed_Albatross
vq6ak7ztmgr87gwb,001.Black_footed_Albatross
yre0il8lnhj5er9y,001.Black_footed_Albatross
qtfq2tlsqsyu9561,001.Black_footed_Albatross
lh98rzie9bp70gpz,001.Black_footed_Albatross
vb2jj6nwha6r8zz8,001.Black_footed_Albatross
kik17h7rpjkel63e,001.Black_footed_Albatross
0johcsqnitaxondf,001.Black_footed_Albatross
ngqc92rk1hicd92c,001.Black_footed_Albatross
iyddsx7d41zp3o17,001.Black_footed_Albatross
uphrbd7nh3czse9w,001.Black_footed_Albatross
5hm4x7ww9hidjqeo,001.Black_footed_Albatross
memlr7dty5f9x15g,001.Black_footed_Albatross
aq4m5amqgq358w22,001.Black_footed_Albatross
1llayfbx9tvbjbqn,001.Black_footed_Albatross
0p5q67fijc1wo8xx,001.Black_footed_Albatross
g3niegx47hkn5b0b,001.Black_footed_Albatross
emm72ulc0fraalm6,001.Black_footed_Albatross
cpkeyajaz4emx6cj,001.Black_footed_Albatross
ysnxcsgmaybxniye,001.Black_footed_Albatross
lquo3h5tfao0jgi0,001.Black_footed_Albatross
g72esss1ptsubf2h,001.Black_footed_Albatross
sk5u6bx8pjopnkoz,001.Black_footed_Albatross
cg7zxwbi9imc4rjf,001.Black_footed_Albatross
q8pi56fx9614i4ac,001.Black_footed_Albatross
4a2tkpzdxxrcht53,001.Black_footed_Albatross
6ih9tdtzehngylzf,001.Black_footed_Albatross
rxcmimh1gv5t5hln,001.Black_footed_Albatross
g82mrsgowm4fg1qa,001.Black_footed_Albatross
5ank0ael886qzgvz,001.Black_footed_Albatross
4nvm460dgml8xlsk,001.Black_footed_Albatross
vq1kov9ved3qi74j,001.Black_footed_Albatross
z8w2o0n4129u6s6z,001.Black_footed_Albatross
9ncd9nz9fadr1aos,001.Black_footed_Albatross
r5gmbf42uxtkmxoe,001.Black_footed_Albatross
jvuw14uze11a704t,001.Black_footed_Albatross
5doljpm0fq4ktgyl,001.Black_footed_Albatross
lfou1eiv1jjy9tej,001.Black_footed_Albatross
jshdhc5yhi39u04o,001.Black_footed_Albatross
wu9fbjdl7ezxxvb3,001.Black_footed_Albatross
8h66j2fdhbfdruxs,001.Black_footed_Albatross
p2rzbvpsgia6cm53,001.Black_footed_Albatross
n8ce7l62qqauy1dx,001.Black_footed_Albatross
34ya9nynwj7ed5oa,001.Black_footed_Albatross
kl7491kcekrvp7ma,001.Black_footed_Albatross
6rzrxmqp3fpqy3rs,001.Black_footed_Albatross
o6317peh59kgacsc,001.Black_footed_Albatross
eztjk5tmjuowstg6,001.Black_footed_Albatross
u427sgjdgkiqx57h,001.Black_footed_Albatross
le6dyq1dywl9l7z2,001.Black_footed_Albatross
cntipro9d0mlclpr,001.Black_footed_Albatross
b08ibylmg90wrybu,001.Black_footed_Albatross
vanrmzx4i03w39yd,001.Black_footed_Albatross
sfwibr1tzdyw8x1c,001.Black_footed_Albatross
wynoh1ft71rq2wuw,001.Black_footed_Albatross
20bkkzh7867iixqn,001.Black_footed_Albatross
k442re9ielwsbq77,001.Black_footed_Albatross
09qx77jzhzooaae5,001.Black_footed_Albatross
22hyptgw3es62b1p,001.Black_footed_Albatross
540lso18t07ig0pl,001.Black_footed_Albatross
oj2wppah2ynax3pr,001.Black_footed_Albatross
8grdot9c3cb5hhy3,001.Black_footed_Albatross
pkn9xauqbb8vl2zr,001.Black_footed_Albatross
x6z18je5ucvue5rl,001.Black_footed_Albatross
etjscuqrlqh1tm73,001.Black_footed_Albatross
fs2py74w6w921910,001.Black_footed_Albatross
aoflkd108mw8vx22,001.Black_footed_Albatross
2am8lye1r0jx40dh,001.Black_footed_Albatross
oymey4vhbxed97px,001.Black_footed_Albatross
cacokfacjkmheirs,001.Black_footed_Albatross
6hcbj26oavu69l3j,001.Black_footed_Albatross
4pelk865v40dglte,001.Black_footed_Albatross
gs3bfbvmicmgyomb,001.Black_footed_Albatross
zpqz5et4ed72ucba,001.Black_footed_Albatross
01v6lr17lljyjrsb,001.Black_footed_Albatross
7tqp466c1tlisfjn,001.Black_footed_Albatross
ei6891xs46d9s7am,001.Black_footed_Albatross
3vwfx1q22s69erpp,001.Black_footed_Albatross
7ffvdg7p4i0g2mzv,001.Black_footed_Albatross
3ql611nwh4fgc2pt,001.Black_footed_Albatross
ptt2pdde58xzqd9f,001.Black_footed_Albatross
xepknlna74e8bnyk,001.Black_footed_Albatross
8ztwmffdccak16u2,001.Black_footed_Albatross
agx7bc04gbgrppv0,001.Black_footed_Albatross
rg4v7cwit4wgpa66,001.Black_footed_Albatross
lpzdvf83ik13pucr,001.Black_footed_Albatross
jpxtyj60qkya6d2t,001.Black_footed_Albatross
jh2n7gkchqqpr1dk,001.Black_footed_Albatross
noyhx0y1vnn2jp09,001.Black_footed_Albatross
wu34p0mmt18zcp58,001.Black_footed_Albatross
gihff590upqth5n5,001.Black_footed_Albatross
dwdrgerxqeiuuf3q,001.Black_footed_Albatross
mjipc3s772epapvh,001.Black_footed_Albatross
8fnvu1vl8el4b60g,001.Black_footed_Albatross
7z38hwj5r2jyv1bb,001.Black_footed_Albatross
xq4b9tg093xenpi7,001.Black_footed_Albatross
d2juditxzz5ert97,001.Black_footed_Albatross
6xr3hg1o18p199r0,001.Black_footed_Albatross
nh95peidy2dqtq1z,001.Black_footed_Albatross
5hstbxaw3al0e3nz,001.Black_footed_Albatross
9zddmgkl0eravu8s,001.Black_footed_Albatross
w9acnf7zvudyfm9e,001.Black_footed_Albatross
bzk1eg0b2zkl8slr,001.Black_footed_Albatross
gjurtdqpoipcg1yc,001.Black_footed_Albatross
1mdrwa10k042cus3,001.Black_footed_Albatross
olgrgqjm78o2jirv,001.Black_footed_Albatross
c0vqt5b35zm49gzq,001.Black_footed_Albatross
ypwok1qwu7699bed,001.Black_footed_Albatross
jaxcd8lr9wwieswj,001.Black_footed_Albatross
fe33inyfsxb78fht,001.Black_footed_Albatross
2gia93pboh87ibrq,001.Black_footed_Albatross
4ixlgpmj1wh08lpr,001.Black_footed_Albatross
lljcx9j1616qbj5z,001.Black_footed_Albatross
54i96e6voru9j6en,001.Black_footed_Albatross
tceb0somooe4ux4b,001.Black_footed_Albatross
rcosv924at8vlhf5,001.Black_footed_Albatross
vraz7bpnkorq8ick,001.Black_footed_Albatross
6252dj3mgpn83gx9,001.Black_footed_Albatross
9kzlubsnyj8e3o6l,001.Black_footed_Albatross
llaswtn1eq599vhg,001.Black_footed_Albatross
jefpi1v3wtd52urh,001.Black_footed_Albatross
qz419qb67jvfym10,001.Black_footed_Albatross
wt9smo8wkll60hyv,001.Black_footed_Albatross
iaorkz1dhz4h8ol3,001.Black_footed_Albatross
bwwcb4zoylnz4ois,001.Black_footed_Albatross
b07omjbg8t3c4k89,001.Black_footed_Albatross
wvtiagp3q1vfbri8,001.Black_footed_Albatross
3hxd6k6oiedqtiym,001.Black_footed_Albatross
xmjzopl5xs1o8c0c,001.Black_footed_Albatross
uoin43b0dwyaour8,001.Black_footed_Albatross
ipyhj0xf6whqckak,001.Black_footed_Albatross
x924n988swsejkfo,001.Black_footed_Albatross
k2tqsqvfq7ybzg53,001.Black_footed_Albatross
z3newq8qplvk1cl5,001.Black_footed_Albatross
dlq5cpnyfolj203v,001.Black_footed_Albatross
x6pxp3deh8x9kmz9,001.Black_footed_Albatross
yr8ftisqyexsh22a,001.Black_footed_Albatross
wma96zg9t7ctbpaw,001.Black_footed_Albatross
2vov3nl7ox917sc5,001.Black_footed_Albatross
liyauxk0vouhua0q,001.Black_footed_Albatross
s1xh143kqdn0d6kv,001.Black_footed_Albatross
4wlumn6h8wsw3l4j,001.Black_footed_Albatross
5a06gq3a3hqdbtnl,001.Black_footed_Albatross
txw4iv4o8fig2xkx,001.Black_footed_Albatross
l2wrtifvzbn3l0h3,001.Black_footed_Albatross
wi889p3v4926408e,001.Black_footed_Albatross
42su46l0grbdfakh,001.Black_footed_Albatross
zpdxm1rv233gva03,001.Black_footed_Albatross
2psx24lxb34b456r,001.Black_footed_Albatross
3fk102pyejl54tp0,001.Black_footed_Albatross
sxlg3ki21kypi8xs,001.Black_footed_Albatross
qwvnto10gk1aohso,001.Black_footed_Albatross
1hkml23xjf8x87tl,001.Black_footed_Albatross
za4mkkpudp7ku95z,001.Black_footed_Albatross
wiamo5c6aq7n1dbg,001.Black_footed_Albatross
65qy45g8h5dabbhd,001.Black_footed_Albatross
rdyqz64i8fvt0dgh,001.Black_footed_Albatross
1rwlcbqbkodha7mr,001.Black_footed_Albatross
lnxm5qzpvpqw8te1,001.Black_footed_Albatross
vppt5yqf561jh57k,001.Black_footed_Albatross
7l6l28rhka3icc5i,001.Black_footed_Albatross
3j942kmrepomkk48,001.Black_footed_Albatross
skubnadkctprcgey,001.Black_footed_Albatross
x7dpm9d95paty4tx,001.Black_footed_Albatross
28xrr7jbt38ebwg8,001.Black_footed_Albatross
9qkshq8uug0u3ox9,001.Black_footed_Albatross
1v2ks8ho52p2olke,001.Black_footed_Albatross
tv65ltdxav90a0x1,001.Black_footed_Albatross
v3af0hydzo4k6144,001.Black_footed_Albatross
5l8j4lnx7hg53j0j,001.Black_footed_Albatross
ryt5u3c6qosupfaf,001.Black_footed_Albatross
cge63033yik3xhxu,001.Black_footed_Albatross
z7i3f23ey5w22n2w,001.Black_footed_Albatross
mlch53at9jbfeife,001.Black_footed_Albatross
321sg6t8ew92dqlo,001.Black_footed_Albatross
34nvhptygwnpuxz8,001.Black_footed_Albatross
vk95yul8uvl4aw9g,001.Black_footed_Albatross
v0ukabuhev5g1bvx,001.Black_footed_Albatross
1umzxskm4x3aqotv,001.Black_footed_Albatross
22me5swet55iv0k9,001.Black_footed_Albatross
bjmblscgi2m0ub7a,001.Black_footed_Albatross
m0w6idxmvv6p2po9,001.Black_footed_Albatross
s59svi0sm0k3cxks,001.Black_footed_Albatross
2jkip3h2gn60z8e1,001.Black_footed_Albatross
pwkxb9e4lz9p7wzq,001.Black_footed_Albatross
4u5zfqa082emc2ek,001.Black_footed_Albatross
t38s6ija1c5jco0o,001.Black_footed_Albatross
ut7c1caup77u8gw6,001.Black_footed_Albatross
llhngevf460oqqc5,001.Black_footed_Albatross
6o52ue65lnvarjqd,001.Black_footed_Albatross
f1ao6ilsalyop25y,001.Black_footed_Albatross
urmbzaevityey9f7,001.Black_footed_Albatross
renprzb3fr1cazvg,001.Black_footed_Albatross
f4hfiglfw888wek6,001.Black_footed_Albatross
ha6a3bn0wouwtf2t,001.Black_footed_Albatross
nzovf0insum1bdm9,001.Black_footed_Albatross
w1g4zsjluszogzxn,001.Black_footed_Albatross
t2l1tre030843hax,001.Black_footed_Albatross
ugbmfd1gtnqezgvq,001.Black_footed_Albatross
ej7udd8ao9zllui9,001.Black_footed_Albatross
8mzzyrvk5vasppqd,001.Black_footed_Albatross
5554ijqa7vunaljg,001.Black_footed_Albatross
0uvu6pgf9rx25bdk,001.Black_footed_Albatross
4vt8710xbyeajqd7,001.Black_footed_Albatross
71hfh6edib4kwuqh,001.Black_footed_Albatross
abnrkzt26f1rage0,001.Black_footed_Albatross
0zy91syjnufy5sgd,001.Black_footed_Albatross
l423fna8zu54oe9o,001.Black_footed_Albatross
ebgzpwzvt3jsfwv5,001.Black_footed_Albatross
cg7n17zbyw926d0f,001.Black_footed_Albatross
vc0jqn2dfhg4ufv4,001.Black_footed_Albatross
ckv5iyjijo9birhe,001.Black_footed_Albatross
v4phbhneht7c4hob,001.Black_footed_Albatross
5mmnjgxlfc20tz9l,001.Black_footed_Albatross
1iq54tsp6z80jv5d,001.Black_footed_Albatross
dustxlr73vs8k3jp,001.Black_footed_Albatross
48n7zilpswx4zdeu,001.Black_footed_Albatross
ltwwbbe5h5j4kxac,001.Black_footed_Albatross
2jag5b2yz6qp9jc9,001.Black_footed_Albatross
afdo48optig08myw,001.Black_footed_Albatross
qwxcrhet2ezyjtn7,001.Black_footed_Albatross
b9sru2zmk65anq0s,001.Black_footed_Albatross
rtxiog45tlfwzefz,001.Black_footed_Albatross
arfj6abnlm5ulkl0,001.Black_footed_Albatross
gf4mulpusr3i3w6s,001.Black_footed_Albatross
qo7wmwoqvwmo5tca,001.Black_footed_Albatross
e0l2780tm950oxcs,001.Black_footed_Albatross
8ef70q2p49guboup,001.Black_footed_Albatross
lrib483beh1ttlpy,001.Black_footed_Albatross
yk5hrs196vk0ii19,001.Black_footed_Albatross
gvqzjjf41bhijua2,001.Black_footed_Albatross
jui6bhoadmqp3hrf,001.Black_footed_Albatross
762xqa8b79q2arpv,001.Black_footed_Albatross
1rd5rvyejcmvt83k,001.Black_footed_Albatross
3tloq4utskz2jy7g,001.Black_footed_Albatross
jx8azikte2yvkyg2,001.Black_footed_Albatross
y83cmizascevnff8,001.Black_footed_Albatross
puvyo23yjo9o3ncf,001.Black_footed_Albatross
vnyy4hk8rebqvoy4,001.Black_footed_Albatross
tg0vkz32m6elnyxa,001.Black_footed_Albatross
fep2dok13axfd3uz,001.Black_footed_Albatross
1ir473tvdjutvhrs,001.Black_footed_Albatross
inhnxvz41ebvna16,001.Black_footed_Albatross
vnqkcpgme84rs5ts,001.Black_footed_Albatross
24mdzkpicp1t1swp,001.Black_footed_Albatross
7pyabkufd57rvddn,001.Black_footed_Albatross
9rkgmxcal5torxsc,001.Black_footed_Albatross
3cxcfqw4hrfbt2hn,001.Black_footed_Albatross
dvn2f55cwgjkr0cx,001.Black_footed_Albatross
n57mm82szb9k1z0y,001.Black_footed_Albatross
w7p66ub1fdjs7d07,001.Black_footed_Albatross
vwxzcf5jm8zypuu4,001.Black_footed_Albatross
jbww28fgwkoq0b0l,001.Black_footed_Albatross
wwiq38btt1858x6v,001.Black_footed_Albatross
tytye1ro8icrwt58,001.Black_footed_Albatross
sru1ncpxndmsarqd,001.Black_footed_Albatross
0arocb5hdkgqyle5,001.Black_footed_Albatross
idqk1ut2qp2gche7,001.Black_footed_Albatross
89wnb8ch5cgp801k,001.Black_footed_Albatross
0ky8nb16o4w3zugi,001.Black_footed_Albatross
idc3xi2wux65u4n1,001.Black_footed_Albatross
srix12vb2fxln7j0,001.Black_footed_Albatross
j4d2oo12317jo0pq,001.Black_footed_Albatross
4ods3onsi3i7cxfg,001.Black_footed_Albatross
df0ik1d1eiz9asub,001.Black_footed_Albatross
zqlysqi31otnmaav,001.Black_footed_Albatross
7lujwbbwxrdrzznk,001.Black_footed_Albatross
aucpo4yy3uzw0grh,001.Black_footed_Albatross
fyekvbiiw6je4n85,001.Black_footed_Albatross
q7s59ynxacrfc4ur,001.Black_footed_Albatross
15lanhvl25z71nl8,001.Black_footed_Albatross
xtn0ii1jd1jxza1f,001.Black_footed_Albatross
pgk1wmuc0iy14nx9,001.Black_footed_Albatross
83p5qzc4di0qfb21,001.Black_footed_Albatross
lhz9lucsrdnylqfk,001.Black_footed_Albatross
3jzkskpswdc0h7s9,001.Black_footed_Albatross
2mnbfs4fftg8y2sa,001.Black_footed_Albatross
kl1hmomdgs32scrk,001.Black_footed_Albatross
4w6yqeil5m3sjbk1,001.Black_footed_Albatross
m4t92u2rsscz1cig,001.Black_footed_Albatross
waqn5olzw0uk3e1q,001.Black_footed_Albatross
e1p1l3o98raw0zf4,001.Black_footed_Albatross
mp3ijd7yxvf2phs6,001.Black_footed_Albatross
p4tx9m7uy9vwe39w,001.Black_footed_Albatross
0jmnhjq18tgg11c2,001.Black_footed_Albatross
sh5tvuep68tzp3d4,001.Black_footed_Albatross
zjz9q5sf09qtfajr,001.Black_footed_Albatross
r6rey45iqznmhlv4,001.Black_footed_Albatross
t4ax57c705nt6zmi,001.Black_footed_Albatross
eqt1e57jepyspzxx,001.Black_footed_Albatross
x5cssz1tqlso5yq5,001.Black_footed_Albatross
tr92zxin7873twew,001.Black_footed_Albatross
8t8fh0junuum9a8d,001.Black_footed_Albatross
pjwjcdufipxwp8nv,001.Black_footed_Albatross
0ksie1n5njj9f8ob,001.Black_footed_Albatross
2vgeqnwpbbobxbjh,001.Black_footed_Albatross
ub20kiwtaf36tax3,001.Black_footed_Albatross
8grrex2qsb0yhobx,001.Black_footed_Albatross
jyakqe1zyry2vczo,001.Black_footed_Albatross
4bc66404dylwxh8h,001.Black_footed_Albatross
z8m7w6qvyrd6wl1d,001.Black_footed_Albatross
h06dki77igaofx3z,001.Black_footed_Albatross
trja06auc9idjlk5,001.Black_footed_Albatross
mce3e7r0bv0ickjd,001.Black_footed_Albatross
g87mzg9n97wj8aoj,001.Black_footed_Albatross
9rxyiwovyu269nod,001.Black_footed_Albatross
1nv3oyaurz2q1mpj,001.Black_footed_Albatross
jpjnvah1dlok7itl,001.Black_footed_Albatross
19fr9pu293pq8igc,001.Black_footed_Albatross
n0rdr57jb8xu3hs6,001.Black_footed_Albatross
uctd497hp31v21ar,001.Black_footed_Albatross
vhfaxnr1rp2k2o1e,001.Black_footed_Albatross
k0pysd18ij5dap4v,001.Black_footed_Albatross
pqxn757mtdh5vcbd,001.Black_footed_Albatross
x77ok48ozltr8n4y,001.Black_footed_Albatross
4mccrjnikovzywa0,001.Black_footed_Albatross
3f2umb06b1mvh6kv,001.Black_footed_Albatross
30e2a1digd1a6byx,001.Black_footed_Albatross
vtvxga2bkjmvlx3o,001.Black_footed_Albatross
spq8b53svgptc2ou,001.Black_footed_Albatross
m2sowa2cws19qtbb,001.Black_footed_Albatross
3b0wnoz0u2vpoubh,001.Black_footed_Albatross
pzlbepvsgsbivcyo,001.Black_footed_Albatross
o4v4pnaz79x6a01g,001.Black_footed_Albatross
fuax4xvhc6fibw95,001.Black_footed_Albatross
1rdvs9816i11c6tu,001.Black_footed_Albatross
2qn18sv8qxfn5gmu,001.Black_footed_Albatross
x3474u9zk87h1x6u,001.Black_footed_Albatross
goy6ztrymedlsopl,001.Black_footed_Albatross
p2dss7l2xv8ygbs6,001.Black_footed_Albatross
r86cg60mo2w3lql2,001.Black_footed_Albatross
q5ds9zpsyd4soht7,001.Black_footed_Albatross
zgwna8t4stuqafdl,001.Black_footed_Albatross
22rv19jky86p77fw,001.Black_footed_Albatross
8d960v7d1o50wnl2,001.Black_footed_Albatross
lhpun5nhpp2enu8f,001.Black_footed_Albatross
fdlle7iyz5l43ytt,001.Black_footed_Albatross
b7jxtx1btjghirbz,001.Black_footed_Albatross
dos14iwugujs7nsj,001.Black_footed_Albatross
b0mvdd2pwtg34l2y,001.Black_footed_Albatross
yrr19uwfxyat2ax7,001.Black_footed_Albatross
clemc37hxj2gzu6d,001.Black_footed_Albatross
ou18qk8anpgn13u5,001.Black_footed_Albatross
z71ras63x6mq2xm5,001.Black_footed_Albatross
out6dh3ajdrrav3m,001.Black_footed_Albatross
w8gqwkfjv2rs4v1g,001.Black_footed_Albatross
1rvaxj1xzm5292va,001.Black_footed_Albatross
euk2d88uic7j64yh,001.Black_footed_Albatross
1urbpaq8esiqww37,001.Black_footed_Albatross
pmldz9ta5qvmuq6x,001.Black_footed_Albatross
4ure68gt37k3lgyc,001.Black_footed_Albatross
znmjbiorhi9h1tup,001.Black_footed_Albatross
2angbehe3pog44rt,001.Black_footed_Albatross
f3z07gvn2dj8thj2,001.Black_footed_Albatross
jzmnkwckt928lrob,001.Black_footed_Albatross
uh4rvtohq4pu9zgo,001.Black_footed_Albatross
a4dqh2oaignplbvz,001.Black_footed_Albatross
rop4jmvybf6puku5,001.Black_footed_Albatross
kh5d98odayjw5yks,001.Black_footed_Albatross
4xqodq885k7quth6,001.Black_footed_Albatross
ltwvsol91hcmv7m8,001.Black_footed_Albatross
tjssu0bwjytr001k,001.Black_footed_Albatross
5urksa1j1i0so7hf,001.Black_footed_Albatross
cuyo74kuk09t8zr8,001.Black_footed_Albatross
1hknlkyf2sii7790,001.Black_footed_Albatross
0wcnevdosi46s71x,001.Black_footed_Albatross
g304qz4nv7tqi35y,001.Black_footed_Albatross
biglr53si2e06oaz,001.Black_footed_Albatross
63kavyl80822ou26,001.Black_footed_Albatross
goempikxcy3q4b3g,001.Black_footed_Albatross
g001owor9u6fa9wp,001.Black_footed_Albatross
gs84pj5061h43ato,001.Black_footed_Albatross
dvsh6zv3j8wit3kz,001.Black_footed_Albatross
klrbjsi41q9gq7pe,001.Black_footed_Albatross
e9ty1m41krwn4vj4,001.Black_footed_Albatross
svh3c9ppginshmxd,001.Black_footed_Albatross
c11h0blbvz51xey9,001.Black_footed_Albatross
phv4v8z7dhwigwuj,001.Black_footed_Albatross
66clyeyl8f7i2olm,001.Black_footed_Albatross
br37mgdhxtw33jfg,001.Black_footed_Albatross
5ldum0nbzm8nphev,001.Black_footed_Albatross
goao91ca79z3725a,001.Black_footed_Albatross
d7x5xk7k2brm7p18,001.Black_footed_Albatross
xg5kostmg01il3y4,001.Black_footed_Albatross
x9chaq25s0ge30re,001.Black_footed_Albatross
gopcbg71x0gfh45c,001.Black_footed_Albatross
1lo8n6n39qsyavs7,001.Black_footed_Albatross
56is13vfsud4680p,001.Black_footed_Albatross
fx001q25lfqiu31b,001.Black_footed_Albatross
f8xiws6m2c8erwyk,001.Black_footed_Albatross
k5o9g2nhd834z0m6,001.Black_footed_Albatross
dzqc4ibc99vxx9z9,001.Black_footed_Albatross
kx8153ox1dnm9quq,001.Black_footed_Albatross
9xfsclmcmlit40ps,001.Black_footed_Albatross
5p5q863vjw7yifko,001.Black_footed_Albatross
w5u7kb1pt9onfk5q,001.Black_footed_Albatross
v4xqcc54tg3buiux,001.Black_footed_Albatross
7gxb5y8wjamokw8k,001.Black_footed_Albatross
pv5lxqr1wpa48mew,001.Black_footed_Albatross
wl9qtpzx344wp5nw,001.Black_footed_Albatross
mrnb6wwbn1om5xlt,001.Black_footed_Albatross
2l9h2q6bqd0kb5xd,001.Black_footed_Albatross
b75wenla29c5v002,001.Black_footed_Albatross
folqy90evkye9coj,001.Black_footed_Albatross
qer33m6udf18goy9,001.Black_footed_Albatross
jpr2vh09di82syex,001.Black_footed_Albatross
z8uzp6vtvgpmm6dd,001.Black_footed_Albatross
g79ogy57snpf9he2,001.Black_footed_Albatross
lybtajwrl3equmw6,001.Black_footed_Albatross
xj3fnp24pbcippvt,001.Black_footed_Albatross
bbd4avs6lwyo6yb1,001.Black_footed_Albatross
b602u3uh8qs5xbwc,001.Black_footed_Albatross
rnjg9jasiotkx1ed,001.Black_footed_Albatross
l1k03gsbpudbr54d,001.Black_footed_Albatross
2fgs9qfca4dc8xa7,001.Black_footed_Albatross
1eat51s1u64gh2fk,001.Black_footed_Albatross
zpzyuypclompo2hi,001.Black_footed_Albatross
ndkrn7qqdvuqn678,001.Black_footed_Albatross
rhnoq2g5uool4j5l,001.Black_footed_Albatross
evohw4cbb90majvb,001.Black_footed_Albatross
8gw3covbj4b1c26f,001.Black_footed_Albatross
oumj84sk8n3bp573,001.Black_footed_Albatross
b046xchlk4oon7hn,001.Black_footed_Albatross
zy44rh8ee6s0rlxp,001.Black_footed_Albatross
kw6l2qeez5sn067r,001.Black_footed_Albatross
q5hm6gcy8xfsgxfh,001.Black_footed_Albatross
oqo77j6ckng8s18w,001.Black_footed_Albatross
kxbgvevzc21kxzhj,001.Black_footed_Albatross
jc2bvx9ywjm8zo7p,001.Black_footed_Albatross
b8y2toialbd7gdmw,001.Black_footed_Albatross
ul8n8jmmy6osll77,001.Black_footed_Albatross
5qugljjft1bukbwx,001.Black_footed_Albatross
odoodoclx40uxoky,001.Black_footed_Albatross
o5qcmuffn4yfpez7,001.Black_footed_Albatross
kt6qkptzsc3z4fva,001.Black_footed_Albatross
i4jpo393mckwgwsd,001.Black_footed_Albatross
0nudfp6xuaaot2h3,001.Black_footed_Albatross
0wqdyavzpd746mtx,001.Black_footed_Albatross
11ow9990yem50l8r,001.Black_footed_Albatross
1cvfqy8qvlqhyk6a,001.Black_footed_Albatross
odmf6g2cp0nzawk2,001.Black_footed_Albatross
zuduqfr384p7wl6l,001.Black_footed_Albatross
o7fcb3oogwzlm6u9,001.Black_footed_Albatross
3rp6hw2exev3x4he,001.Black_footed_Albatross
o41n8xbsrwn8wwli,001.Black_footed_Albatross
n1b1jwx13jdxi6zj,001.Black_footed_Albatross
zskhwg4i2pc4l289,001.Black_footed_Albatross
duyzprgrqna83fog,001.Black_footed_Albatross
eop9icy7st24fbl3,001.Black_footed_Albatross
durhecdt5adj56ug,001.Black_footed_Albatross
gf3lzwvlzs3qxp7m,001.Black_footed_Albatross
2wlh9vtudgcqlkca,001.Black_footed_Albatross
hu7kq3xp9qadjyb2,001.Black_footed_Albatross
3qazd8ggfexi4cq1,001.Black_footed_Albatross
cgjqzu63knoo1a1u,001.Black_footed_Albatross
8uu90wrnx8om7x3r,001.Black_footed_Albatross
1l9mi7eaw1o784hq,001.Black_footed_Albatross
3t577685mx5iuvfd,001.Black_footed_Albatross
0ty4mh608v53vct2,001.Black_footed_Albatross
woj6hvbzylk9u31v,001.Black_footed_Albatross
ks0o0rypvabvlbar,001.Black_footed_Albatross
s2qaknoie2amry1i,001.Black_footed_Albatross
uklpmc9ohj64ylqf,001.Black_footed_Albatross
1jmwwe5hrm764hze,001.Black_footed_Albatross
azz3xyqjdhcn9gdj,001.Black_footed_Albatross
k20ih17849x0yxtq,001.Black_footed_Albatross
wkukab4nadaj4xbp,001.Black_footed_Albatross
0kcvm034qwwbjdvj,001.Black_footed_Albatross
ao6gwifq2f5vv984,001.Black_footed_Albatross
xwufvwdab7b8i48o,001.Black_footed_Albatross
bmv2aoyoxwnoqky8,001.Black_footed_Albatross
d3u26ttfes6nhd6h,001.Black_footed_Albatross
teu8bhbwco3yki0e,001.Black_footed_Albatross
h9occ4oy59zkj55z,001.Black_footed_Albatross
s4gywm145y4x8die,001.Black_footed_Albatross
s13s8lg3y8zf9ja5,001.Black_footed_Albatross
xrf76ddyvrsxyhwb,001.Black_footed_Albatross
go4gbim3wc8xw2zz,001.Black_footed_Albatross
tdv16e557t3yvo36,001.Black_footed_Albatross
rs2dmkk17j87awm5,001.Black_footed_Albatross
k1h8t05b8ysxknb8,001.Black_footed_Albatross
5h1epgya2578lvq4,001.Black_footed_Albatross
e2vv189po1bl6kqe,001.Black_footed_Albatross
9bx9welcq52pordx,001.Black_footed_Albatross
ho2258rchjmalipr,001.Black_footed_Albatross
qc9juny1lwc41jea,001.Black_footed_Albatross
z2l66e8vt8h6fh3a,001.Black_footed_Albatross
203xd18e33fo8on1,001.Black_footed_Albatross
77hw11warxglhifn,001.Black_footed_Albatross
pkde761ofooyspkp,001.Black_footed_Albatross
01yn4elsxm9vxfrj,001.Black_footed_Albatross
k9m2um82alattod0,001.Black_footed_Albatross
d2gzk6tn597w01td,001.Black_footed_Albatross
5q8mfbs5frvdahwf,001.Black_footed_Albatross
tuwrxm4gen5i5r9i,001.Black_footed_Albatross
2bfr56idnbxknitc,001.Black_footed_Albatross
p7qg1mzwihw9eg2v,001.Black_footed_Albatross
1if2j0v3pdxntf9p,001.Black_footed_Albatross
9zucgxoo0q0vpczc,001.Black_footed_Albatross
rg58ankyrsdym77t,001.Black_footed_Albatross
adirwamkzqg6r89n,001.Black_footed_Albatross
lc31oldpdjxctmvp,001.Black_footed_Albatross
2lvcq86vq7lepbdn,001.Black_footed_Albatross
hf6sxmrokwftgf4i,001.Black_footed_Albatross
1coo7ikl2nia0pl4,001.Black_footed_Albatross
chnaxb3sn4en1jxv,001.Black_footed_Albatross
3aaka3ln5bqsrs6o,001.Black_footed_Albatross
807bpek2oq3ig3a3,001.Black_footed_Albatross
p9xmrf0qw371x1tx,001.Black_footed_Albatross
ppwozugtzpsshyez,001.Black_footed_Albatross
uzdfpwn0qxzq8mrt,001.Black_footed_Albatross
2ld5dj7rzlqbgnu1,001.Black_footed_Albatross
6mmou4rifc99bdej,001.Black_footed_Albatross
6gtlrqwq9lia5rlx,001.Black_footed_Albatross
l3m0zxl4yhc7rees,001.Black_footed_Albatross
tbbm83dhphm4rg8v,001.Black_footed_Albatross
a7orxpd9vokwh0h2,001.Black_footed_Albatross
ygrqnbji6xjno3va,001.Black_footed_Albatross
1xbtm46tx4bhxapi,001.Black_footed_Albatross
lwf87lvdc4ekluhj,001.Black_footed_Albatross
w1x1ltwghxhq7g0k,001.Black_footed_Albatross
kbqvxht9q7zouz5x,001.Black_footed_Albatross
gwafdfaaj7iy7ujs,001.Black_footed_Albatross
403vhy4ogib6qe4u,001.Black_footed_Albatross
oiz7ph70b5px44yy,001.Black_footed_Albatross
c29062ofrws3nfsf,001.Black_footed_Albatross
6c4xoalf78rcr06x,001.Black_footed_Albatross
dhzlx0lafu6ouq8t,001.Black_footed_Albatross
926kx7iowr4ff7cx,001.Black_footed_Albatross
cjd20nkit56bdx41,001.Black_footed_Albatross
61dp5ylkpzx1b04t,001.Black_footed_Albatross
0q8wgng41syb8rzo,001.Black_footed_Albatross
100f08pktp6t738s,001.Black_footed_Albatross
qk1zm5mju14t3phx,001.Black_footed_Albatross
1clta5anlycbuxxh,001.Black_footed_Albatross
4vcljo32vo27c4jr,001.Black_footed_Albatross
31l8znjg95ei3rul,001.Black_footed_Albatross
yko2yn21nk8mn86q,001.Black_footed_Albatross
ehb5d1k846cqby1s,001.Black_footed_Albatross
dvipqnq6rzn2zp2l,001.Black_footed_Albatross
kzg2epvrz0ca95ef,001.Black_footed_Albatross
6b5dtmx2tqg0mb7u,001.Black_footed_Albatross
mzzb5zhh69jbz7ua,001.Black_footed_Albatross
psnm30vgzbzq9kfz,001.Black_footed_Albatross
6vl3e8xyyn00eo08,001.Black_footed_Albatross
7xt85k7xz8580762,001.Black_footed_Albatross
97e08g7z3zy6y963,001.Black_footed_Albatross
1fmxmo6dlgc6y6du,001.Black_footed_Albatross
ii8m3rxuko8vuctj,001.Black_footed_Albatross
z9l5wxnc5dbs4v3n,001.Black_footed_Albatross
8vgz96v88s38uryr,001.Black_footed_Albatross
54x5i86jhfkammod,001.Black_footed_Albatross
lndxsqcwrbb7zmqv,001.Black_footed_Albatross
hdn487hqhw6t3qut,001.Black_footed_Albatross
nin15wnpvysy91x0,001.Black_footed_Albatross
bo5vccqlpt5760pa,001.Black_footed_Albatross
vbegy8f8bhz6hf9d,001.Black_footed_Albatross
2nrzhe7b0yww960g,001.Black_footed_Albatross
kjdte4xnxq84rbe5,001.Black_footed_Albatross
n3ji38k5h78isp7k,001.Black_footed_Albatross
umnn6f5a9wsp1gxu,001.Black_footed_Albatross
kydkr82z97vjvri5,001.Black_footed_Albatross
hqk2vk75touca76x,001.Black_footed_Albatross
2nx29aejql5p88h1,001.Black_footed_Albatross
r9sabldntgnpuj10,001.Black_footed_Albatross
8ewu2yf80j9pldts,001.Black_footed_Albatross
dc6gtbqkqzx21rij,001.Black_footed_Albatross
959xue27egd6r0zx,001.Black_footed_Albatross
hdkom88o988tipni,001.Black_footed_Albatross
jf40q0sm8pv7h913,001.Black_footed_Albatross
clfuyrwqgxkgqiuk,001.Black_footed_Albatross
6wghfpmsiabm7z8k,001.Black_footed_Albatross
peb62mijm38kb70e,001.Black_footed_Albatross
ne7rr7u18neuuquk,001.Black_footed_Albatross
p04c2xae19z1o47s,001.Black_footed_Albatross
z0vpekkc1fmdeqpu,001.Black_footed_Albatross
f0dk58qy916fmbcc,001.Black_footed_Albatross
ki7jte018k9gxfu2,001.Black_footed_Albatross
h78r5qee5gw7ww1x,001.Black_footed_Albatross
0390nt45sljdiv3o,001.Black_footed_Albatross
0zvhkq0pcx767nso,001.Black_footed_Albatross
1gkwpp2sjx96aznc,001.Black_footed_Albatross
vb290j207c9cbcrs,001.Black_footed_Albatross
mbe0j6d8ww945u18,001.Black_footed_Albatross
hyo1m8rlm6bp9say,001.Black_footed_Albatross
hub627c5ojxy5cs1,001.Black_footed_Albatross
47zvzo8p86yzklt5,001.Black_footed_Albatross
tgk8hxuobevfiefo,001.Black_footed_Albatross
3xhqqa20au2clhqf,001.Black_footed_Albatross
yy520lf8ycgtprbe,001.Black_footed_Albatross
fv3ra51kho7lhofq,001.Black_footed_Albatross
p7ek5s8yamuxt411,001.Black_footed_Albatross
szs9usofk5tinsdx,001.Black_footed_Albatross
sype1jbw4bm5w42w,001.Black_footed_Albatross
07ojk47mton7kbyu,001.Black_footed_Albatross
kn83yw2y46sg91xu,001.Black_footed_Albatross
42hkpdoplo8fxcf0,001.Black_footed_Albatross
ohek9cdsqpldqfoz,001.Black_footed_Albatross
lq8samfbttamonu9,001.Black_footed_Albatross
ndqf4dmdqafkval7,001.Black_footed_Albatross
iryf3pqe9ehkqzt1,001.Black_footed_Albatross
lwjh8niboz515zqt,001.Black_footed_Albatross
szdkat3lv8730npk,001.Black_footed_Albatross
kr0m3xdvyi50h6uf,001.Black_footed_Albatross
fno0cuozaednzeim,001.Black_footed_Albatross
o4uft9hwk0dzivh9,001.Black_footed_Albatross
f8y6jdaz0u5o727r,001.Black_footed_Albatross
7he1uyrhudc5ysmi,001.Black_footed_Albatross
m85k277xik2z7aqj,001.Black_footed_Albatross
xrzzi5x5q5qy5br9,001.Black_footed_Albatross
7echg5i7s0f3gc1y,001.Black_footed_Albatross
e1p9br1tql9h550z,001.Black_footed_Albatross
jv9jd0lx9u456633,001.Black_footed_Albatross
9pzkmg5oa2k3axhw,001.Black_footed_Albatross
0bfwyzzdx1jby7xl,001.Black_footed_Albatross
dmnkgia4jjury10r,001.Black_footed_Albatross
pedlzgmnw2jrf602,001.Black_footed_Albatross
usqrvk7tau21l68p,001.Black_footed_Albatross
c8es6cld05dnh3j0,001.Black_footed_Albatross
nt26tpmwnewp4xcz,001.Black_footed_Albatross
waidvx0rpkmhtms9,001.Black_footed_Albatross
0zruav44urz3tv6k,001.Black_footed_Albatross
36mbq4i7c9bf59ta,001.Black_footed_Albatross
3eo2ivfdxda6tua6,001.Black_footed_Albatross
vl6aeqku63fixibc,001.Black_footed_Albatross
v4wh0z3mmh5jwoeg,001.Black_footed_Albatross
fwovjygdqn8lynn9,001.Black_footed_Albatross
bivv54tesc4g26yo,001.Black_footed_Albatross
j0lqmxd5nr610l48,001.Black_footed_Albatross
l0tj0hsych9i37jp,001.Black_footed_Albatross
kb5x03sjqsuwzjbm,001.Black_footed_Albatross
hob5vg75v1unxdkl,001.Black_footed_Albatross
tx7ou506xwbdg2jd,001.Black_footed_Albatross
sjnzn9gelewrgyn3,001.Black_footed_Albatross
nkh294w4anp40tlc,001.Black_footed_Albatross
iuv4g61vplb6z03g,001.Black_footed_Albatross
us13g8f6xujuzw09,001.Black_footed_Albatross
jlqfb59z6pimgiug,001.Black_footed_Albatross
62rdk2kbe1z7t7v6,001.Black_footed_Albatross
cz0lfcasby7al8vg,001.Black_footed_Albatross
c3i1fbgaic4mzer2,001.Black_footed_Albatross
15oee6dowfakfz81,001.Black_footed_Albatross
y0kbf1tedd70mrbb,001.Black_footed_Albatross
bo91qjfq97yfli5l,001.Black_footed_Albatross
7oc1dmcjjpmdusx5,001.Black_footed_Albatross
ni2mrx0qbsxa91ev,001.Black_footed_Albatross
i2vztj4x4gkf0x93,001.Black_footed_Albatross
sgaeumobodbuk4uw,001.Black_footed_Albatross
tc54rgmv7b3oeppg,001.Black_footed_Albatross
bdol42sh9bo2v8mb,001.Black_footed_Albatross
aq5g0bthy0jugoqu,001.Black_footed_Albatross
ouqczxwu4cs91at3,001.Black_footed_Albatross
6tr6jwma2rwsm6f6,001.Black_footed_Albatross
w8fj626susbvdefx,001.Black_footed_Albatross
3k9upta3ia316w4m,001.Black_footed_Albatross
w5qozfo5x96uoptu,001.Black_footed_Albatross
j413ducg8sbhawe6,001.Black_footed_Albatross
zu4bh4yzdqp4tw2w,001.Black_footed_Albatross
06l9qcrov5g6rs00,001.Black_footed_Albatross
mg3z8wqga7fgpbld,001.Black_footed_Albatross
omgq5i4bqpb6m236,001.Black_footed_Albatross
c8sh9xzl938v1p7q,001.Black_footed_Albatross
imsk615pz39ahka0,001.Black_footed_Albatross
k52f97htpsvefxo7,001.Black_footed_Albatross
1aef2temrc5koson,001.Black_footed_Albatross
tsgtwdb515fpo9t5,001.Black_footed_Albatross
cvy7mzhso06ddr0l,001.Black_footed_Albatross
nto8xgq2k6vcg5tl,001.Black_footed_Albatross
ssv3y8xojudrbff4,001.Black_footed_Albatross
kdpxptmnf719q7of,001.Black_footed_Albatross
tyg70cx4a7tta6rs,001.Black_footed_Albatross
rtzzfet44q6kbnwv,001.Black_footed_Albatross
70hl0kla2o5cmpb0,001.Black_footed_Albatross
xbquqdplk9pkeb3k,001.Black_footed_Albatross
pu7x4rfg8jwp7nzo,001.Black_footed_Albatross
u233360pbc9k0r1x,001.Black_footed_Albatross
z4pfex9cdevva3fv,001.Black_footed_Albatross
76y1jh4cawoujvlj,001.Black_footed_Albatross
xdke8fwjngflu2wb,001.Black_footed_Albatross
yde983dl4u3c7vad,001.Black_footed_Albatross
vabbauj117c1ib8w,001.Black_footed_Albatross
75mhkvh171x9g5td,001.Black_footed_Albatross
mkcfk7waektpbe0g,001.Black_footed_Albatross
38ok0z3qo15i9t4c,001.Black_footed_Albatross
8q5ffd3qoyzk7dxa,001.Black_footed_Albatross
kt3phd7t3rvgykuk,001.Black_footed_Albatross
h5nzutc6hteyo3vo,001.Black_footed_Albatross
brfz5e8mo401vj7b,001.Black_footed_Albatross
202av7li8cxuqdzh,001.Black_footed_Albatross
zydmf1g651ft4kao,001.Black_footed_Albatross
0dlxcgvx26rrunhc,001.Black_footed_Albatross
whnl3hy4celq2xng,001.Black_footed_Albatross
6exywdcu0491e59x,001.Black_footed_Albatross
yabhrmj15fmd3flt,001.Black_footed_Albatross
geathfsp7vy0speq,001.Black_footed_Albatross
htqb6et5gqou4q6w,001.Black_footed_Albatross
uyfl99jp9gntkvde,001.Black_footed_Albatross
ymed1kny1mzzjhos,001.Black_footed_Albatross
