{"best_acc": 0.0, "best_eval_name": "null", "best_epoch": 0, "info/epoch": 1, "info/lr": 0.000366577985323549, "train_acc/layer1_acc": 0.0, "train_loss/layer1_loss": 5.30078125, "train_loss/layer1_FPN1_loss": 2.0384788513183594e-05, "train_acc/layer2_acc": 0.0, "train_loss/layer2_loss": 5.32421875, "train_loss/layer2_FPN1_loss": 2.86102294921875e-05, "train_acc/layer3_acc": 0.0, "train_loss/layer3_loss": 5.30859375, "train_loss/layer3_FPN1_loss": 3.123283386230469e-05, "train_acc/layer4_acc": 0.0, "train_loss/layer4_loss": 5.29296875, "train_loss/layer4_FPN1_loss": 2.5510787963867188e-05, "train_acc/select_layer1_acc": 0.63, "train_loss/select_layer1_loss": 0.02704375609755516, "train_acc/select_layer2_acc": 0.2, "train_loss/select_layer2_loss": 0.29334136843681335, "train_acc/select_layer3_acc": 0.0, "train_loss/select_layer3_loss": 0.24637721478939056, "train_acc/select_layer4_acc": 0.39, "train_loss/select_layer4_loss": 0.07031399756669998, "train_acc/drop_layer1_acc": 0.53, "train_loss/drop_layer1_loss": 5.31640625, "train_acc/drop_layer2_acc": 0.5, "train_loss/drop_layer2_loss": 5.30859375, "train_acc/drop_layer3_acc": 0.16, "train_loss/drop_layer3_loss": 5.3046875, "train_acc/drop_layer4_acc": 0.22, "train_loss/drop_layer4_loss": 5.30859375, "train_acc/combiner_acc": 0.0, "train_loss/combiner_loss": 5.3046875, "train_loss/total_loss": 48.40660758689046, "_timestamp": 1703415906.9698803, "_runtime": 333.5570664405823, "_step": 10, "_wandb": {"runtime": 355}}